Time;deviceID:110 type:2 variable:4;deviceID:110 type:10 variable:4;deviceID:110 type:20 variable:4;deviceID:110 type:30 variable:4;deviceID:110 type:40 variable:4;deviceID:115 type:2 variable:4;deviceID:115 type:10 variable:4;deviceID:115 type:20 variable:4;deviceID:115 type:30 variable:4;deviceID:115 type:40 variable:4;deviceID:115 type:41 variable:4;deviceID:115 type:42 variable:4;deviceID:115 type:43 variable:4;deviceID:115 type:44 variable:4
2017-03-27 07:55:00;;;;;;100960;21,9113;33,7015;651,217;1,62474;1,71009;1,37366;1,65638;0,372542
2017-03-27 07:56:00;;;;;;100959;21,7675;32,9822;673,2;1,6503;1,68853;1,37017;1,65426;0,371945
2017-03-27 07:57:00;;;;;;100959;21,4287;33,243;662,883;1,66662;1,67599;1,36683;1,65289;0,371513
2017-03-27 08:04:00;;;;;;100966;20,5811;33,1746;653,625;1,72798;1,64585;1,34847;1,64408;0,365844
2017-03-27 08:54:00;;;;;;100940;19,98;;;;;1,3475;1,6426;0,3682
2017-03-27 08:55:00;;;;;;100939;19,8863;31,8733;441,6;1,61298;1,72953;1,40261;1,66905;0,329133
2017-03-27 08:56:00;;;;;;100938;19,846;31,6823;470,4;1,58382;1,75439;1,41739;1,67689;0,320597
2017-03-27 08:57:00;;;;;;100941;19,4957;32,0833;490,5;1,58616;1,73984;1,38323;1,65994;0,317048
2017-03-27 08:58:00;;;;;;100940;19,3563;32,3603;494,033;1,59982;1,73038;1,37667;1,65677;0,316257
2017-03-27 08:59:00;;;;;;100942;19,4413;32,629;511,1;1,58181;1,74316;1,38128;1,65981;0,31875
2017-03-27 09:00:00;;;;;;100944;19,6797;33,2107;538,8;1,61162;1,71701;1,37614;1,65702;0,322057
2017-03-27 09:01:00;;;;;;100946;20,017;32,6217;575,8;1,58051;1,74572;1,38451;1,66118;0,325633
2017-03-27 09:02:00;;;;;;100943;20,121;32,111;560,6;1,57935;1,74859;1,39077;1,66355;0,328387
2017-03-27 09:03:00;;;;;;100945;20,2597;32,414;574,567;1,58529;1,74493;1,39186;1,66416;0,331413
2017-03-27 09:04:00;;;;;;100944;20,3153;32,2863;589,633;1,59621;1,72975;1,38645;1,66058;0,33377
2017-03-27 09:05:00;;;;;;100947;20,494;32,504;603,267;1,5769;1,74974;1,39104;1,66247;0,338113
2017-03-27 09:06:00;;;;;;100949;20,6543;32,3803;621,167;1,57525;1,74986;1,38495;1,66177;0,34299
2017-03-27 09:07:00;;;;;;100949;20,7557;31,951;647,5;1,58586;1,75739;1,43002;1,68252;0,346333
2017-03-27 09:08:00;;;;;;100952;20,966;32,8117;660,6;1,58523;1,75726;1,42739;1,68241;0,352153
2017-03-27 09:09:00;;;;;;100952;20,915;32,7257;714,8;1,58706;1,75822;1,43525;1,68395;0,361
2017-03-27 09:10:00;;;;;;100950;21,002;31,7077;727,867;1,58754;1,7582;1,43439;1,68412;0,362293
2017-03-27 09:11:00;;;;;;100950;20,6607;31,48;692,733;1,58214;1,75418;1,41534;1,67521;0,358983
2017-03-27 09:12:00;;;;;;100948;20,1903;31,85;654,933;1,58187;1,75463;1,41428;1,67481;0,353507
2017-03-27 09:13:00;;;;;;100948;20,1667;31,8197;610,484;1,58166;1,75457;1,41175;1,67413;0,34956
2017-03-27 09:14:00;;;;;;100948;20,2247;31,4837;607,367;1,58184;1,75353;1,41055;1,67307;0,346673
2017-03-27 09:15:00;;;;;;100945;20,281;31,1153;580,9;1,57824;1,75176;1,39877;1,66623;0,341707
2017-03-27 09:16:00;;;;;;100948;20,3363;30,961;559,7;1,57826;1,75145;1,39858;1,66634;0,33857
2017-03-27 09:17:00;;;;;;100943;20,2947;30,8873;544,633;1,57607;1,74906;1,38466;1,66083;0,335047
2017-03-27 09:18:00;;;;;;100946;20,222;30,735;538,833;1,57799;1,75192;1,39741;1,66665;0,33096
2017-03-27 09:19:00;;;;;;100950;20,2287;30,5127;536,733;1,58166;1,74803;1,39423;1,66475;0,32768
2017-03-27 09:20:00;;;;;;100951;20,2517;30,37;513;1,57942;1,753;1,40475;1,67011;0,323937
2017-03-27 09:21:00;;;;;;100952;20,241;30,3593;504,7;1,58456;1,74299;1,3886;1,66277;0,320643
2017-03-27 09:22:00;;;;;;100951;20,2652;30,2138;490,034;1,58369;1,7421;1,37994;1,65818;0,317193
2017-03-27 09:23:00;;;;;;100954;20,2743;30,0913;484,267;1,58091;1,75384;1,40765;1,6713;0,314757
2017-03-27 09:24:00;;;;;;100952;20,2807;30,0853;474,833;1,57767;1,75154;1,39667;1,66603;0,312253
2017-03-27 09:25:00;;;;;;100949;20,3063;30,0187;473,7;1,57632;1,7508;1,39215;1,66421;0,310087
2017-03-27 09:26:00;;;;;;100952;20,3013;30,0273;453,1;1,57506;1,7493;1,38268;1,66043;0,307287
2017-03-27 09:27:00;;;;;;100954;20,3547;29,978;448,8;1,57383;1,7497;1,38296;1,66086;0,305723
2017-03-27 09:28:00;;;;;;100956;20,3813;29,906;460,4;1,65011;1,69416;1,36792;1,65306;0,303873
2017-03-27 09:29:00;;;;;;100957;20,422;29,99;451,2;1,66028;1,67702;1,37211;1,65511;0,30226
2017-03-27 09:30:00;;;;;;100959;20,4633;29,906;451,8;1,67443;1,66777;1,36853;1,65343;0,301403
2017-03-27 09:31:00;;;;;;100962;20,4723;29,8252;446,567;1,66513;1,67378;1,37259;1,65524;0,300113
2017-03-27 09:32:00;;;;;;100968;20,471;29,8053;443,8;1,65249;1,68275;1,37454;1,65602;0,299083
2017-03-27 09:33:00;;;;;;100969;20,512;29,7797;441,8;1,66055;1,67809;1,37314;1,65542;0,29752
2017-03-27 09:34:00;;;;;;100969;20,4553;29,8307;433,1;1,66161;1,67588;1,37227;1,65512;0,29618
2017-03-27 09:35:00;;;;;;100969;20,4457;29,7853;429,467;1,65929;1,67911;1,37159;1,65489;0,294706
2017-03-27 09:36:00;;;;;;100967;20,4223;29,759;422,967;1,66519;1,67405;1,37045;1,65451;0,293133
2017-03-27 09:37:00;;;;;;100968;20,4093;29,82;420,067;1,67302;1,66806;1,36875;1,65372;0,29186
2017-03-27 09:38:00;;;;;;100967;20,2607;29,8853;408,833;1,65597;1,68134;1,37191;1,65487;0,29039
2017-03-27 09:39:00;;;;;;100965;20,2573;30;407,333;1,64782;1,68604;1,37519;1,6564;0,28926
2017-03-27 09:40:00;;;;;;100966;20,328;29,9287;397,733;1,67268;1,67442;1,36427;1,65117;0,287813
2017-03-27 09:41:00;;;;;;100966;20,3393;30,02;402,552;1,68654;1,66538;1,35991;1,64979;0,288255
2017-03-27 09:42:00;;;;;;100968;20,3653;30,02;398,433;1,67645;1,66693;1,3676;1,65316;0,288047
2017-03-27 09:43:00;;;;;;100969;20,406;29,93;398,633;1,67313;1,66767;1,36959;1,65381;0,28781
2017-03-27 09:44:00;;;;;;100971;20,3943;29,9573;405,233;1,67845;1,66684;1,36643;1,65276;0,28708
2017-03-27 09:45:00;;;;;;100969;20,4017;29,9673;395,533;1,67732;1,66734;1,36712;1,6529;0,286907
2017-03-27 09:46:00;;;;;;100967;20,352;30,02;394,867;1,68521;1,66632;1,35887;1,64889;0,285897
2017-03-27 09:47:00;;;;;;100968;20,3013;30,182;394,233;1,68561;1,66602;1,3526;1,64589;0,28483
2017-03-27 09:48:00;;;;;;100965;20,4067;30,0443;395,267;1,6812;1,66882;1,3592;1,64846;0,28489
2017-03-27 09:49:00;;;;;;100967;20,47;29,9683;395,8;1,68613;1,66778;1,35206;1,64562;0,28455
2017-03-27 09:50:00;;;;;;100967;20,4852;29,8926;388,29;1,6769;1,67285;1,36207;1,64976;0,284133
2017-03-27 09:51:00;;;;;;100969;20,5073;29,8643;396,767;1,65875;1,68382;1,36777;1,65277;0,283503
2017-03-27 09:52:00;;;;;;100969;20,4543;29,882;387,3;1,64488;1,69334;1,3691;1,65356;0,282853
2017-03-27 09:53:00;;;;;;100970;20,469;29,889;388,5;1,6757;1,66754;1,36843;1,65351;0,28209
2017-03-27 09:54:00;;;;;;100972;20,435;29,8913;382,8;1,66255;1,6753;1,37195;1,655;0,28055
2017-03-27 09:55:00;;;;;;100975;20,4547;29,902;376,8;1,66737;1,67373;1,36953;1,65379;0,28009
2017-03-27 09:56:00;;;;;;100979;20,4903;29,8853;380,733;1,67106;1,6734;1,36665;1,65302;0,279657
2017-03-27 09:57:00;;;;;;100980;20,5113;29,9047;384,767;1,66663;1,67499;1,36824;1,65354;0,27924
2017-03-27 09:58:00;;;;;;100981;20,5217;29,87;379,567;1,67395;1,66816;1,36951;1,65414;0,27841
2017-03-27 09:59:00;;;;;;100980;20,5107;30,002;377,767;1,65278;1,68587;1,37228;1,65489;0,27815
2017-03-27 10:00:00;;;;;;100982;20,4993;30,089;377,133;1,65955;1,67957;1,37278;1,65497;0,278007
2017-03-27 10:01:00;;;;;;100982;20,536;30,0507;383,9;1,65759;1,68067;1,37393;1,65573;0,27776
2017-03-27 10:02:00;;;;;;100983;20,5597;30,02;379,8;1,68382;1,66709;1,36005;1,64936;0,277923
2017-03-27 10:03:00;;;;;;100984;20,5707;30,02;372,933;1,68073;1,66679;1,36498;1,65132;0,277973
2017-03-27 10:04:00;;;;;;100984;20,611;29,9267;379,267;1,68665;1,66539;1,35947;1,64911;0,27777
2017-03-27 10:05:00;;;;;;100983;20,6043;29,8687;377,867;1,67214;1,66927;1,37013;1,65384;0,276997
2017-03-27 10:06:00;;;;;;100984;20,529;29,907;382,2;1,70507;1,65681;1,34357;1,64186;0,276597
2017-03-27 10:07:00;;;;;;100989;20,4747;30,0477;378,333;1,72368;1,63897;1,3461;1,64323;0,27597
2017-03-27 10:08:00;;;;;;100988;20,361;29,9923;368,8;1,69644;1,66042;1,34462;1,64228;0,275213
2017-03-27 10:09:00;;;;;;100988;20,1953;30,1047;370,7;1,69585;1,65528;1,34234;1,64132;0,274087
2017-03-27 10:10:00;;;;;;100992;20,222;30,16;369,9;1,69774;1,65199;1,34141;1,6412;0,27297
2017-03-27 10:11:00;;;;;;100995;20,2727;30,139;381,3;1,70989;1,64076;1,34422;1,64213;0,272267
2017-03-27 10:12:00;;;;;;100997;20,352;30,067;365,8;1,74945;1,62845;1,34893;1,64401;0,27145
2017-03-27 10:13:00;;;;;;100995;20,3237;30,09;375,2;1,70448;1,6427;1,34219;1,64138;0,271347
2017-03-27 10:14:00;;;;;;100996;20,4487;29,971;368,8;1,71299;1,63822;1,34419;1,64249;0,27131
2017-03-27 10:15:00;;;;;;100995;20,5243;29,838;368,3;1,77372;1,63202;1,33421;1,6379;0,271033
2017-03-27 10:16:00;;;;;;100995;20,5307;29,8753;377,5;1,76771;1,63088;1,34265;1,6407;0,270737
2017-03-27 10:17:00;;;;;;100992;20,5443;29,826;366,467;1,73934;1,64109;1,34311;1,64161;0,270257
2017-03-27 10:18:00;;;;;;100997;20,539;29,878;374,233;1,74778;1,63735;1,3439;1,64204;0,269933
2017-03-27 10:19:00;;;;;;100996;20,5567;29,8447;368,5;1,77248;1,63203;1,33269;1,63677;0,269447
2017-03-27 10:20:00;;;;;;101000;20,5967;29,666;375,167;1,76124;1,63277;1,33623;1,63832;0,269443
2017-03-27 10:21:00;;;;;;101006;20,6157;29,5167;359,7;1,74981;1,63309;1,34815;1,64332;0,268683
2017-03-27 10:22:00;;;;;;101004;20,5283;29,6107;372,1;1,69897;1,65958;1,34686;1,64293;0,2677
2017-03-27 10:23:00;;;;;;101003;20,4927;29,6633;377,8;1,71013;1,64737;1,34743;1,64359;0,26685
2017-03-27 10:24:00;;;;;;101005;20,4737;29,66;361,4;1,74558;1,63559;1,33914;1,63998;0,266233
2017-03-27 10:25:00;;;;;;101001;20,505;29,5987;358,533;1,70164;1,64914;1,34378;1,64193;0,265367
2017-03-27 10:26:00;;;;;;101000;20,5;29,59;361,867;1,70252;1,6481;1,34373;1,64196;0,26415
2017-03-27 10:27:00;;;;;;100997;20,4477;29,5787;368,033;1,72391;1,63845;1,34586;1,64273;0,263607
2017-03-27 10:28:00;;;;;;100994;20,3807;29,66;368,355;1,73098;1,63913;1,34366;1,64195;0,262953
2017-03-27 10:29:00;;;;;;100994;20,4653;29,656;361,433;1,75451;1,63248;1,33598;1,63881;0,26226
2017-03-27 10:30:00;;;;;;100996;20,5137;29,6673;367,5;1,74748;1,63493;1,33715;1,63925;0,262257
2017-03-27 10:31:00;;;;;;100995;20,558;29,5893;372,8;1,73346;1,6391;1,34091;1,64112;0,261867
2017-03-27 10:32:00;;;;;;100994;20,5837;29,646;367,7;1,74063;1,63238;1,34549;1,64257;0,26189
2017-03-27 10:33:00;;;;;;100993;20,516;29,83;375,6;1,75454;1,63164;1,33286;1,63738;0,261547
2017-03-27 10:34:00;;;;;;100994;20,5037;29,8233;366,933;1,74117;1,63519;1,33831;1,63949;0,261663
2017-03-27 10:35:00;;;;;;100992;20,5103;29,813;361,9;1,74805;1,63226;1,33904;1,63984;0,26167
2017-03-27 10:36:00;;;;;;100992;20,4913;29,8267;371,4;1,76137;1,63189;1,33371;1,63763;0,261557
2017-03-27 10:37:00;;;;;;100994;20,4707;29,82;369,4;1,74251;1,63535;1,33832;1,63958;0,261403
2017-03-27 10:38:00;;;;;;100995;20,48;29,764;371,133;1,69787;1,65255;1,34303;1,64166;0,2611
2017-03-27 10:39:00;;;;;;100997;20,5779;29,67;351,069;1,71126;1,64429;1,34399;1,64191;0,260745
2017-03-27 10:40:00;;;;;;100999;20,561;29,798;365,333;1,7378;1,63616;1,33757;1,63956;0,260347
2017-03-27 10:41:00;;;;;;100997;20,588;29,9033;359,4;1,76134;1,63208;1,33243;1,63659;0,26086
2017-03-27 10:42:00;;;;;;100999;20,5403;29,8953;353,8;1,7544;1,63228;1,33698;1,63858;0,26116
2017-03-27 10:43:00;;;;;;101001;20,5797;29,91;370,4;1,74619;1,63332;1,34623;1,64257;0,261177
2017-03-27 10:44:00;;;;;;101000;20,6363;29,9563;362;1,72921;1,63661;1,3463;1,64309;0,261313
2017-03-27 10:45:00;;;;;;101000;20,655;29,9623;363,167;1,74362;1,63453;1,3404;1,6405;0,261697
2017-03-27 10:46:00;;;;;;100997;20,6529;29,889;354,833;1,70443;1,65126;1,34355;1,64189;0,261607
2017-03-27 10:47:00;;;;;;100996;20,642;29,8967;370,379;1,72895;1,63402;1,34224;1,6413;0,261013
2017-03-27 10:48:00;;;;;;100991;20,653;29,907;365,9;1,75616;1,63332;1,33289;1,63737;0,261083
2017-03-27 10:49:00;;;;;;100991;20,591;29,898;357,067;1,76741;1,62947;1,33929;1,63939;0,260783
2017-03-27 10:50:00;;;;;;100993;20,6117;29,8553;365,967;1,73962;1,62956;1,34766;1,64362;0,260419
2017-03-27 10:51:00;;;;;;100989;20,653;29,8273;362,1;1,75468;1,63175;1,34624;1,64309;0,259937
2017-03-27 10:52:00;;;;;;100990;20,6057;29,79;365,467;1,74709;1,6306;1,34337;1,64175;0,259833
2017-03-27 10:53:00;;;;;;100988;20,623;29,8207;357,967;1,74555;1,63323;1,34259;1,64168;0,25947
2017-03-27 10:54:00;;;;;;100986;20,6667;29,8103;363,7;1,7334;1,63876;1,34294;1,64155;0,25904
2017-03-27 10:55:00;;;;;;100982;20,6893;29,81;362,2;1,75156;1,63151;1,34047;1,6407;0,258973
2017-03-27 10:56:00;;;;;;100982;20,6857;29,8;359,233;1,76865;1,62983;1,34038;1,64007;0,258967
2017-03-27 10:57:00;;;;;;100983;20,711;29,8267;364,7;1,77199;1,62953;1,32802;1,63504;0,259567
2017-03-27 10:58:00;;;;;;100983;20,7957;29,845;366,5;1,77296;1,62979;1,32565;1,63384;0,259353
2017-03-27 10:59:00;;;;;;100980;20,8183;29,7717;372,733;1,77347;1,63192;1,3432;1,64142;0,259883
2017-03-27 11:00:00;;;;;;100979;20,84;29,782;371,467;1,77881;1,63166;1,34599;1,642;0,26041
2017-03-27 11:01:00;;;;;;100979;20,8387;29,9027;366,767;1,75494;1,62984;1,34889;1,64393;0,2608
2017-03-27 11:02:00;;;;;;100976;20,81;30,1027;369,1;1,75696;1,62806;1,34929;1,64409;0,261327
2017-03-27 11:03:00;;;;;;100980;20,8163;29,89;359,8;1,74529;1,62603;1,3502;1,64469;0,260947
2017-03-27 11:04:00;;;;;;100981;20,84;29,9103;359,6;1,74514;1,62666;1,34992;1,64458;0,26095
2017-03-27 11:05:00;;;;;;100981;20,7947;29,8367;369,1;1,75327;1,6263;1,35105;1,64493;0,26027
2017-03-27 11:06:00;;;;;;100979;20,8097;29,738;361,5;1,71696;1,64426;1,34522;1,64262;0,259937
2017-03-27 11:07:00;;;;;;100980;20,84;29,69;360,3;1,69416;1,66462;1,35205;1,64557;0,259187
2017-03-27 11:08:00;;;;;;100981;20,7883;29,7947;360,3;1,695;1,65969;1,34509;1,64223;0,258907
2017-03-27 11:09:00;;;;;;100984;20,805;29,7773;357,9;1,69475;1,66177;1,34779;1,64351;0,258473
2017-03-27 11:10:00;;;;;;100984;20,7827;29,89;366,3;1,69488;1,66064;1,3466;1,64314;0,258265
2017-03-27 11:11:00;;;;;;100988;20,8163;29,85;358,933;1,69674;1,65766;1,34555;1,64268;0,25815
2017-03-27 11:12:00;;;;;;100986;20,8427;29,9197;366,2;1,69475;1,66217;1,34719;1,64325;0,257993
2017-03-27 11:13:00;;;;;;100985;20,8467;29,964;363,133;1,69472;1,65976;1,34511;1,64241;0,25832
2017-03-27 11:14:00;;;;;;100984;20,9107;30,028;365,667;1,69615;1,65463;1,34379;1,64187;0,258587
2017-03-27 11:15:00;;;;;;100985;20,909;29,96;363,767;1,70319;1,64416;1,34265;1,64142;0,258917
2017-03-27 11:16:00;;;;;;100982;20,8593;29,7347;363,067;1,7094;1,63984;1,34325;1,64163;0,258313
2017-03-27 11:17:00;;;;;;100987;20,8847;29,9027;369,033;1,71733;1,64059;1,34597;1,64262;0,25845
2017-03-27 11:18:00;;;;;;100987;20,9267;30,7303;367,6;1,68695;1,66213;1,35563;1,64744;0,259007
2017-03-27 11:19:00;;;;;;100983;20,7847;31,0227;388,2;1,69439;1,66037;1,34565;1,64267;0,25931
2017-03-27 11:20:00;;;;;;100984;20,61;30,9607;376,433;1,69564;1,66239;1,34662;1,64286;0,258607
2017-03-27 11:21:00;;;;;;100983;20,6157;31,4287;368,533;1,69578;1,65529;1,34399;1,64207;0,258123
2017-03-27 11:22:00;;;;;;100983;20,46;31,4287;374,633;1,69696;1,65717;1,3446;1,64222;0,25704
2017-03-27 11:23:00;;;;;;100980;20,4693;31,5597;382,533;1,70414;1,64844;1,34392;1,6423;0,256423
2017-03-27 11:24:00;;;;;;100983;20,5527;32,354;400,167;1,69561;1,65878;1,34674;1,64289;0,25813
2017-03-27 11:25:00;;;;;;100982;20,6374;32,9887;426,2;1,69573;1,65844;1,34731;1,64339;0,26071
2017-03-27 11:26:00;;;;;;100983;20,6687;33,3745;469,355;1,69295;1,6618;1,34965;1,64471;0,263463
2017-03-27 11:27:00;;;;;;100986;20,8533;33,5613;477;1,68735;1,66533;1,35602;1,64767;0,267397
2017-03-27 11:28:00;;;;;;100984;21,016;33,2247;493,5;1,68793;1,66477;1,35691;1,64771;0,27054
2017-03-27 11:29:00;;;;;;100981;21,081;33,6547;503,3;1,68649;1,66597;1,35771;1,64849;0,27278
2017-03-27 11:30:00;;;;;;100986;21,2573;33,4773;531,3;1,66052;1,67886;1,37072;1,65443;0,281327
2017-03-27 11:31:00;;;;;;100987;21,42;33,666;555,2;1,61737;1,71609;1,37556;1,65625;0,28748
2017-03-27 11:32:00;;;;;;100987;21,4523;33,6253;579,167;1,611;1,71879;1,37591;1,65619;0,292403
2017-03-27 11:33:00;;;;;;100984;21,5283;33,9513;587,567;1,6061;1,72178;1,37513;1,65643;0,29736
2017-03-27 11:34:00;;;;;;100982;21,597;34,2627;614,667;1,57837;1,75087;1,39344;1,66575;0,302857
2017-03-27 11:35:00;;;;;;100982;21,6597;34,3427;632;1,57701;1,74693;1,37959;1,65907;0,307643
2017-03-27 11:36:00;;;;;;100984;21,7177;34,7127;651,567;1,60054;1,72718;1,37633;1,65688;0,31233
2017-03-27 11:37:00;;;;;;100984;21,8043;34,6243;652,433;1,5754;1,7504;1,386;1,66263;0,316863
2017-03-27 11:38:00;;;;;;100988;21,9037;34,5447;687,5;1,5763;1,75117;1,39453;1,66448;0,322017
2017-03-27 11:39:00;;;;;;100987;21,91;34,622;693,933;1,577;1,75124;1,39528;1,6646;0,326103
2017-03-27 11:40:00;;;;;;100986;21,879;34,41;711,433;1,57814;1,75217;1,39783;1,66698;0,329327
2017-03-27 11:41:00;;;;;;100986;21,8977;34,357;716,233;1,57596;1,75073;1,38901;1,66348;0,332133
2017-03-27 11:42:00;;;;;;100982;21,9317;34,579;712,067;1,57491;1,75039;1,3858;1,66249;0,334547
2017-03-27 11:43:00;;;;;;100981;21,958;34,6193;721,867;1,57772;1,74579;1,37793;1,65777;0,335873
2017-03-27 11:44:00;;;;;;100975;21,7397;33,784;711,033;1,60458;1,72475;1,37371;1,65541;0,332217
2017-03-27 11:45:00;;;;;;100972;21,561;33,2139;668,767;1,59317;1,73477;1,37687;1,65674;0,328333
2017-03-27 11:46:00;;;;;;100968;21,5093;34,2153;666,6;1,59501;1,73277;1,37422;1,65561;0,32612
2017-03-27 11:47:00;;;;;;100971;21,5823;34,0987;661,967;1,58863;1,73715;1,37452;1,65577;0,324447
2017-03-27 11:48:00;;;;;;100968;21,7337;34,1667;673,133;1,5866;1,7385;1,37509;1,6558;0,323913
2017-03-27 11:49:00;;;;;;100973;21,841;34,0363;677,7;1,57867;1,74697;1,38421;1,66066;0,32386
2017-03-27 11:50:00;;;;;;100971;21,867;34,3507;694,8;1,57475;1,74928;1,38249;1,66094;0,32398
2017-03-27 11:51:00;;;;;;100972;21,8823;34,2477;700,4;1,57612;1,74688;1,37863;1,65808;0,323433
2017-03-27 11:52:00;;;;;;100972;21,889;34,053;701,3;1,57982;1,74513;1,37851;1,65774;0,323827
2017-03-27 11:53:00;;;;;;100973;21,826;33,9843;689,567;1,58052;1,74436;1,37891;1,65807;0,322977
2017-03-27 11:54:00;;;;;;100974;21,8907;34,092;684,7;1,59379;1,73397;1,3738;1,65534;0,322463
2017-03-27 11:55:00;;;;;;100970;21,965;33,8927;698,433;1,57511;1,74814;1,37978;1,65899;0,321933
2017-03-27 11:56:00;;;;;;100970;21,9703;33,8677;689,8;1,57448;1,74863;1,37956;1,65923;0,321253
2017-03-27 11:57:00;;;;;;100964;22,0387;34,1493;710,833;1,57854;1,74419;1,37645;1,65672;0,322163
2017-03-27 11:58:00;;;;;;100967;22,1563;34,217;714,367;1,57552;1,7503;1,38609;1,66225;0,322677
2017-03-27 11:59:00;;;;;;100971;22,2267;34,2217;733,2;1,57728;1,75169;1,39379;1,66596;0,323723
2017-03-27 12:00:00;;;;;;100969;22,1867;34,099;726;1,57886;1,75253;1,40079;1,66768;0,323297
2017-03-27 12:01:00;;;;;;100969;22,1587;33,8757;728,367;1,57796;1,75082;1,39474;1,6654;0,323077
2017-03-27 12:02:00;;;;;;100972;22,19;34,3827;744,533;1,57944;1,74777;1,38913;1,66356;0,323897
2017-03-27 12:03:00;;;;;;100971;22,243;34,1753;749,533;1,58057;1,75424;1,40816;1,67245;0,324823
2017-03-27 12:04:00;;;;;;100969;22,2642;33,9647;755,3;1,57765;1,75102;1,39454;1,66574;0,325053
2017-03-27 12:05:00;;;;;;100967;22,269;33,5647;743,774;1,57695;1,75144;1,39547;1,66511;0,324277
2017-03-27 12:06:00;;;;;;100968;22,1883;33,508;736,833;1,57645;1,75123;1,39252;1,66447;0,32324
2017-03-27 12:07:00;;;;;;100969;22,2493;33,6817;734,267;1,57447;1,75043;1,38428;1,66148;0,322533
2017-03-27 12:08:00;;;;;;100968;22,2377;33,707;730,4;1,57695;1,75134;1,39234;1,66469;0,321739
2017-03-27 12:09:00;;;;;;100970;22,266;33,7003;729,1;1,57627;1,75126;1,39036;1,66421;0,321394
2017-03-27 12:10:00;;;;;;100969;22,3597;33,947;744,767;1,57766;1,75204;1,39872;1,66624;0,322587
2017-03-27 12:11:00;;;;;;100966;22,4383;33,605;762;1,57836;1,75223;1,40038;1,66714;0,323227
2017-03-27 12:12:00;;;;;;100968;22,526;33,927;773,1;1,57971;1,75329;1,40385;1,66927;0,32437
2017-03-27 12:13:00;;;;;;100966;22,545;33,6147;789,6;1,58044;1,75365;1,40631;1,67067;0,325363
2017-03-27 12:14:00;;;;;;100966;22,564;33,7033;783,867;1,57865;1,74654;1,38255;1,66043;0,32563
2017-03-27 12:15:00;;;;;;100965;22,5317;33,436;780,867;1,5749;1,74883;1,3799;1,65952;0,32586
2017-03-27 12:16:00;;;;;;100964;22,5973;33,922;788,1;1,57639;1,75152;1,38999;1,66408;0,326473
2017-03-27 12:17:00;;;;;;100963;22,6807;33,7747;826,367;1,57634;1,75123;1,39401;1,66442;0,32839
2017-03-27 12:18:00;;;;;;100965;22,6753;33,264;832,067;1,57596;1,75008;1,38429;1,66237;0,328857
2017-03-27 12:19:00;;;;;;100965;22,68;33,73;822,7;1,57754;1,75199;1,39597;1,66605;0,328637
2017-03-27 12:20:00;;;;;;100966;22,7363;33,6863;805,8;1,57929;1,74624;1,38096;1,65986;0,32886
2017-03-27 12:21:00;;;;;;100963;22,518;31,9553;783,4;1,58206;1,74219;1,37601;1,65729;0,325327
2017-03-27 12:22:00;;;;;;100962;22,0657;31,835;680,633;1,59937;1,72745;1,37363;1,6555;0,318113
2017-03-27 12:23:00;;;;;;100960;22,0813;32,5157;650,667;1,57431;1,74915;1,37988;1,65959;0,317387
2017-03-27 12:24:00;;;;;;100956;22,0524;32,214;652,667;1,60511;1,72415;1,37688;1,6575;0,315833
2017-03-27 12:25:00;;;;;;100955;22,0317;32,1483;634,655;1,59332;1,73451;1,37848;1,65822;0,312033
2017-03-27 12:26:00;;;;;;100957;22,0483;32,0227;634,833;1,58366;1,74036;1,38185;1,65971;0,308973
2017-03-27 12:27:00;;;;;;100951;22,103;32,176;612,567;1,57634;1,74944;1,38421;1,66168;0,305933
2017-03-27 12:28:00;;;;;;100953;22,0873;31,703;598,033;1,63154;1,70278;1,37658;1,65717;0,302703
2017-03-27 12:29:00;;;;;;100952;21,6727;31,0153;535,367;1,69034;1,66525;1,35633;1,64779;0,294007
2017-03-27 12:30:00;;;;;;100950;21,3147;31,7023;474,5;1,67804;1,67417;1,35758;1,6488;0,286183
2017-03-27 12:31:00;;;;;;100951;21,2543;31,7753;453,4;1,69046;1,66551;1,35585;1,64778;0,280437
2017-03-27 12:32:00;;;;;;100951;21,389;31,8703;447,9;1,6943;1,66574;1,35159;1,64459;0,275827
2017-03-27 12:33:00;;;;;;100957;21,4067;32,3967;455,9;1,66332;1,68277;1,36507;1,65156;0,274093
2017-03-27 12:34:00;;;;;;100951;21,5183;31,76;465,9;1,68881;1,66778;1,35493;1,64646;0,27157
2017-03-27 12:35:00;;;;;;100955;21,6253;31,6493;466,033;1,64906;1,68747;1,37285;1,65535;0,270093
2017-03-27 12:36:00;;;;;;100953;21,702;31,7133;470,2;1,6687;1,67409;1,36775;1,65326;0,268927
2017-03-27 12:37:00;;;;;;100954;21,7227;31,4783;468,7;1,65242;1,6835;1,37254;1,65526;0,26702
2017-03-27 12:38:00;;;;;;100948;21,809;31,5623;484,067;1,63297;1,7011;1,37129;1,65477;0,26701
2017-03-27 12:39:00;;;;;;100942;21,8803;31,5048;480,724;1,65812;1,67958;1,37154;1,6548;0,266745
2017-03-27 12:40:00;;;;;;100942;21,965;31,5333;489,2;1,6658;1,67419;1,3705;1,65433;0,266767
2017-03-27 12:41:00;;;;;;100946;22,013;31,5393;486,6;1,66513;1,67653;1,36789;1,65347;0,266587
2017-03-27 12:42:00;;;;;;100944;21,9897;31,1627;473,433;1,68386;1,66792;1,35907;1,64905;0,265807
2017-03-27 12:43:00;;;;;;100943;22,0927;31,3587;481,4;1,67657;1,66835;1,36665;1,65268;0,26644
2017-03-27 12:44:00;;;;;;100941;21,999;30,9347;480;1,67932;1,66726;1,36536;1,65218;0,26538
2017-03-27 12:45:00;;;;;;100938;22,0113;30,86;474,7;1,68097;1,66652;1,36353;1,6517;0,264897
2017-03-27 12:46:00;;;;;;100937;22,051;30,8747;483,3;1,6792;1,66728;1,36468;1,65205;0,26465
2017-03-27 12:47:00;;;;;;100932;22,095;31,321;473,7;1,67385;1,66991;1,3667;1,65296;0,264793
2017-03-27 12:48:00;;;;;;100933;22,1527;31,121;492,367;1,66609;1,67361;1,37072;1,65444;0,265387
2017-03-27 12:49:00;;;;;;100936;22,226;31,06;492,033;1,67463;1,66994;1,36625;1,65271;0,266213
2017-03-27 12:50:00;;;;;;100937;22,2517;31,059;487;1,66648;1,67407;1,37036;1,65443;0,26673
2017-03-27 12:51:00;;;;;;100942;22,183;30,7213;485,667;1,67631;1,6686;1,36626;1,65283;0,266237
2017-03-27 12:52:00;;;;;;100938;22,186;30,936;485,433;1,67055;1,67133;1,36957;1,65383;0,266493
2017-03-27 12:53:00;;;;;;100940;22,024;31,269;491,367;1,65942;1,67901;1,37134;1,65458;0,266443
2017-03-27 12:54:00;;;;;;100939;22,1403;31,6873;492,3;1,65407;1,68343;1,37192;1,65492;0,26703
2017-03-27 12:55:00;;;;;;100937;22,209;31,1253;493;1,65601;1,68098;1,37138;1,65477;0,266757
2017-03-27 12:56:00;;;;;;100934;22,157;31,4427;498,4;1,66046;1,67819;1,36977;1,65382;0,267287
2017-03-27 12:57:00;;;;;;100938;22,2053;31,558;501,133;1,66881;1,67367;1,36844;1,65362;0,26778
2017-03-27 12:58:00;;;;;;100935;22,2407;31,1737;495,8;1,6592;1,68038;1,37082;1,65467;0,267407
2017-03-27 12:59:00;;;;;;100929;22,1757;30,8473;471,233;1,67025;1,67136;1,3692;1,65342;0,265783
2017-03-27 13:00:00;;;;;;100926;22,1113;31,4;467,133;1,66131;1,67831;1,37057;1,65451;0,265073
2017-03-27 13:01:00;;;;;;100924;22,1243;30,7483;473,2;1,66091;1,67689;1,37054;1,6544;0,263747
2017-03-27 13:02:00;;;;;;100922;22,147;30,9357;455,9;1,6722;1,67257;1,36621;1,6522;0,26231
2017-03-27 13:03:00;;;;;;100929;22,2317;30,8367;476,9;1,65616;1,6816;1,37213;1,65505;0,26295
2017-03-27 13:04:00;;;;;;100924;22,2577;30,885;471,452;1,66095;1,67822;1,37098;1,65461;0,26174
2017-03-27 13:05:00;;;;;;100922;22,1667;30,7267;452,4;1,63306;1,70157;1,37272;1,65519;0,261157
2017-03-27 13:06:00;;;;;;100922;22,1057;30,675;446,2;1,63963;1,69482;1,37248;1,65528;0,26032
2017-03-27 13:07:00;;;;;;100921;22,073;30,698;444,9;1,67152;1,67098;1,36733;1,65322;0,259513
2017-03-27 13:08:00;;;;;;100922;22,1487;30,3277;441,133;1,66314;1,67636;1,37077;1,65445;0,257823
2017-03-27 13:09:00;;;;;;100922;22,09;30,2273;431,8;1,67445;1,66806;1,36771;1,65326;0,255843
2017-03-27 13:10:00;;;;;;100919;22,0433;29,9697;423,6;1,67315;1,66848;1,36918;1,65363;0,254413
2017-03-27 13:11:00;;;;;;100916;22,0437;30,2583;409,2;1,64014;1,69341;1,37255;1,65564;0,252977
2017-03-27 13:12:00;;;;;;100918;22,0897;30,25;419,133;1,65292;1,68424;1,37259;1,65569;0,252187
2017-03-27 13:13:00;;;;;;100917;22,1373;30,2873;410,467;1,65296;1,68321;1,37299;1,65582;0,25131
2017-03-27 13:14:00;;;;;;100911;22,148;30,3157;413,6;1,65788;1,67887;1,37247;1,65553;0,250987
2017-03-27 13:15:00;;;;;;100911;22,2097;30,0993;422,3;1,66261;1,67551;1,37203;1,65486;0,250203
2017-03-27 13:16:00;;;;;;100909;22,301;30,2483;400,8;1,6818;1,66712;1,36246;1,65097;0,249587
2017-03-27 13:17:00;;;;;;100912;22,3883;30,1277;412,4;1,65911;1,67812;1,37193;1,65518;0,250373
2017-03-27 13:18:00;;;;;;100910;22,4053;30,1003;408,4;1,66121;1,67635;1,3728;1,65553;0,250183
2017-03-27 13:19:00;;;;;;100910;22,384;29,8833;403,533;1,66628;1,67174;1,37234;1,65516;0,249773
2017-03-27 13:20:00;;;;;;100907;22,3737;29,97;399,3;1,64103;1,69173;1,37481;1,65632;0,248487
2017-03-27 13:21:00;;;;;;100910;22,4253;30,0213;396,2;1,61468;1,71836;1,37415;1,65634;0,248187
2017-03-27 13:22:00;;;;;;100906;22,4377;29,8513;390,2;1,65069;1,68452;1,37196;1,65536;0,247477
2017-03-27 13:23:00;;;;;;100907;22,4633;29,85;390,4;1,67764;1,66725;1,36555;1,65233;0,246453
2017-03-27 13:24:00;;;;;;100903;22,505;29,7353;384,3;1,67702;1,66745;1,3662;1,65252;0,246163
2017-03-27 13:25:00;;;;;;100905;22,5193;29,7287;379,3;1,68316;1,66632;1,36099;1,65037;0,245643
2017-03-27 13:26:00;;;;;;100899;22,5397;29,5953;385,8;1,6228;1,7091;1,37194;1,65554;0,244803
2017-03-27 13:27:00;;;;;;100897;22,5153;29,5527;391;1,6701;1,66963;1,37064;1,65436;0,2441
2017-03-27 13:28:00;;;;;;100898;22,5693;29,5;378,167;1,67084;1,66965;1,36918;1,65374;0,24376
2017-03-27 13:29:00;;;;;;100903;22,603;29,5603;381,6;1,64515;1,68938;1,3734;1,65615;0,24358
2017-03-27 13:30:00;;;;;;100904;22,6793;29,4947;377,067;1,67109;1,67269;1,36727;1,65282;0,243233
2017-03-27 13:31:00;;;;;;100904;22,638;29,3993;377,2;1,68437;1,66632;1,36132;1,6499;0,24304
2017-03-27 13:32:00;;;;;;100901;22,645;29,4567;371,967;1,6782;1,66766;1,36464;1,65233;0,242543
2017-03-27 13:33:00;;;;;;100903;22,7033;29,5333;376,267;1,6741;1,66902;1,36756;1,65318;0,24233
2017-03-27 13:34:00;;;;;;100899;22,7533;29,4863;377,667;1,68223;1,66634;1,36224;1,6512;0,24198
2017-03-27 13:35:00;;;;;;100892;22,7827;29,4787;374,833;1,66839;1,67229;1,3689;1,65375;0,242303
2017-03-27 13:36:00;;;;;;100892;22,8667;29,374;371,9;1,63068;1,7032;1,37299;1,65582;0,24219
2017-03-27 13:37:00;;;;;;100892;22,9237;29,2887;370,6;1,57587;1,75128;1,38741;1,66366;0,24221
2017-03-27 13:38:00;;;;;;100891;22,9748;29,3234;379,31;1,57847;1,74675;1,38291;1,66089;0,24299
2017-03-27 13:39:00;;;;;;100894;22,977;29,3627;375,633;1,57538;1,74946;1,38251;1,66164;0,24356
2017-03-27 13:40:00;;;;;;100893;23,0077;29,246;364,6;1,57677;1,74775;1,37981;1,65946;0,243213
2017-03-27 13:41:00;;;;;;100893;23,0153;29,1307;370,133;1,58294;1,74101;1,37867;1,65869;0,242487
2017-03-27 13:42:00;;;;;;100891;23,0434;29,2407;371;1,63284;1,7021;1,36795;1,65336;0,2428
2017-03-27 13:43:00;;;;;;100889;23,0797;29,216;373,367;1,58825;1,73885;1,37446;1,65594;0,242987
2017-03-27 13:44:00;;;;;;100886;23,088;29,2433;369,467;1,57611;1,74816;1,38042;1,65998;0,243037
2017-03-27 13:45:00;;;;;;100881;23,1463;29,3263;366,5;1,61533;1,7155;1,37322;1,65578;0,243503
2017-03-27 13:46:00;;;;;;100880;23,1877;29,108;359,9;1,63634;1,69805;1,37383;1,65605;0,24391
2017-03-27 13:47:00;;;;;;100879;23,1907;29,3133;379,4;1,63629;1,6978;1,37359;1,65621;0,244777
2017-03-27 13:48:00;;;;;;100880;23,2327;29,2547;368,1;1,67147;1,67182;1,3659;1,65235;0,244717
2017-03-27 13:49:00;;;;;;100881;23,268;29,34;371,5;1,60829;1,72144;1,37624;1,65748;0,245673
2017-03-27 13:50:00;;;;;;100880;23,281;29,3373;369,467;1,62915;1,70642;1,37184;1,65527;0,245917
2017-03-27 13:51:00;;;;;;100880;23,3053;29,4433;369,4;1,6919;1,66143;1,34849;1,64442;0,24615
2017-03-27 13:52:00;;;;;;100876;23,314;29,315;371,3;1,61948;1,71243;1,3685;1,6535;0,24588
2017-03-27 13:53:00;;;;;;100878;23,3537;29,199;371,267;1,68411;1,66722;1,35845;1,64905;0,24573
2017-03-27 13:54:00;;;;;;100875;23,4023;29,1517;369,667;1,61654;1,71694;1,37023;1,65474;0,245337
2017-03-27 13:55:00;;;;;;100874;23,3697;28,9613;364,3;1,68273;1,66659;1,36137;1,65002;0,244727
2017-03-27 13:56:00;;;;;;100870;23,3697;28,924;367,5;1,69772;1,65786;1,35274;1,64652;0,244303
2017-03-27 13:57:00;;;;;;100867;23,4037;28,908;359,3;1,64288;1,69552;1,36809;1,65343;0,24405
2017-03-27 13:58:00;;;;;;100870;23,4443;28,9327;367,867;1,60723;1,72415;1,37473;1,65687;0,244373
2017-03-27 13:59:00;;;;;;100865;23,4817;28,9;363;1,64945;1,69019;1,36587;1,65239;0,24446
2017-03-27 14:00:00;;;;;;100869;23,5129;28,8867;358,867;1,59295;1,73396;1,37363;1,65572;0,24464
2017-03-27 14:01:00;;;;;;100869;23,5527;28,8307;367,903;1,60749;1,7219;1,37717;1,65784;0,24439
2017-03-27 14:02:00;;;;;;100867;23,5287;28,7237;367,933;1,59838;1,73245;1,38206;1,6603;0,243703
2017-03-27 14:03:00;;;;;;100864;23,534;28,884;362,6;1,64586;1,69632;1,37068;1,65462;0,243693
2017-03-27 14:04:00;;;;;;100865;23,5727;28,872;369,833;1,63027;1,70368;1,37219;1,6555;0,243507
2017-03-27 14:05:00;;;;;;100860;23,6143;28,76;356,267;1,61059;1,72252;1,37887;1,65879;0,243593
2017-03-27 14:06:00;;;;;;100860;23,659;28,943;372,6;1,59854;1,7363;1,3899;1,66436;0,24355
2017-03-27 14:07:00;;;;;;100859;23,7617;28,8673;368,433;1,60686;1,72324;1,37944;1,65881;0,24375
2017-03-27 14:08:00;;;;;;100856;23,7933;28,8767;368,9;1,58204;1,75533;1,41436;1,67533;0,24393
2017-03-27 14:09:00;;;;;;100854;23,8387;28,9037;366,4;1,58058;1,75441;1,41009;1,67249;0,243713
2017-03-27 14:10:00;;;;;;100850;23,8773;29,0503;375,1;1,57902;1,75106;1,39652;1,66692;0,244343
2017-03-27 14:11:00;;;;;;100851;23,8807;29,0263;367,6;1,58562;1,75756;1,4296;1,68278;0,245043
2017-03-27 14:12:00;;;;;;100847;23,8893;29,102;370,667;1,59212;1,73462;1,38303;1,66018;0,245767
2017-03-27 14:13:00;;;;;;100845;23,8777;29,5053;368,6;1,58592;1,7459;1,39489;1,66582;0,24802
2017-03-27 14:14:00;;;;;;100844;23,912;29,375;396,3;1,58708;1,74379;1,38988;1,66429;0,25182
2017-03-27 14:15:00;;;;;;100844;23,9757;29,0107;390,733;1,57893;1,7525;1,40073;1,66879;0,25194
2017-03-27 14:16:00;;;;;;100842;24,0152;28,8883;367,552;1,58202;1,75527;1,41568;1,67521;0,251903
2017-03-27 14:17:00;;;;;;100846;24,0547;28,7693;365,1;1,58265;1,75548;1,41475;1,6757;0,25217
2017-03-27 14:18:00;;;;;;100846;24,0832;28,7533;365,567;1,58044;1,75375;1,4081;1,67195;0,252357
2017-03-27 14:19:00;;;;;;100846;24,0823;28,648;357,677;1,58078;1,75269;1,40365;1,67033;0,252353
2017-03-27 14:20:00;;;;;;100844;24,1157;28,6787;366;1,59184;1,73597;1,3766;1,65766;0,251503
2017-03-27 14:21:00;;;;;;100843;24,0833;28,478;365,4;1,5919;1,73673;1,37817;1,65853;0,251429
2017-03-27 14:22:00;;;;;;100841;24,093;28,3777;361,033;1,61782;1,71438;1,373;1,656;0,249673
2017-03-27 14:23:00;;;;;;100838;24,1047;28,2667;357,067;1,62203;1,70916;1,37451;1,65654;0,24901
2017-03-27 14:24:00;;;;;;100836;24,2193;28,1127;357,733;1,58584;1,74421;1,38729;1,66303;0,246607
2017-03-27 14:25:00;;;;;;100839;24,2553;27,9717;356,433;1,57944;1,75323;1,40357;1,66965;0,245543
2017-03-27 14:26:00;;;;;;100834;24,2537;28,2753;358,5;1,58075;1,75446;1,40745;1,67179;0,24542
2017-03-27 14:27:00;;;;;;100832;24,279;28,2077;364,1;1,58358;1,74648;1,38852;1,66345;0,244813
2017-03-27 14:28:00;;;;;;100829;24,2687;28,476;364,267;1,59719;1,7292;1,37551;1,65724;0,24612
2017-03-27 14:29:00;;;;;;100828;24,3887;28,1093;370,7;1,59143;1,7382;1,37741;1,65849;0,24638
2017-03-27 14:30:00;;;;;;100831;24,4243;28,0693;371;1,58828;1,74109;1,38329;1,66093;0,246903
2017-03-27 14:31:00;;;;;;100834;24,5193;27,9743;367,8;1,59217;1,73534;1,38248;1,66035;0,24751
2017-03-27 14:32:00;;;;;;100831;24,5957;27,9097;371,6;1,57957;1,75369;1,40295;1,67009;0,247803
2017-03-27 14:33:00;;;;;;100832;24,5931;28,1203;369,897;1,60952;1,72482;1,37478;1,65681;0,248717
2017-03-27 14:34:00;;;;;;100830;24,6;27,918;376,067;1,59217;1,73684;1,37716;1,65835;0,24906
2017-03-27 14:35:00;;;;;;100828;24,5739;28,2129;368,233;1,60037;1,73145;1,3778;1,65818;0,250027
2017-03-27 14:36:00;;;;;;100827;24,572;27,7537;365,433;1,57888;1,74866;1,39017;1,66406;0,250067
2017-03-27 14:37:00;;;;;;100829;24,6;27,7527;351,033;1,57789;1,75159;1,39364;1,66596;0,249703
2017-03-27 14:38:00;;;;;;100826;24,5947;27,95;359,433;1,58834;1,74229;1,38344;1,66065;0,250113
2017-03-27 14:39:00;;;;;;100825;24,5843;27,853;368,767;1,58003;1,74393;1,37696;1,65812;0,25124
2017-03-27 14:40:00;;;;;;100829;24,6587;27,97;367;1,59679;1,73251;1,3731;1,65616;0,251443
2017-03-27 14:41:00;;;;;;100829;24,6037;28,183;361,4;1,59195;1,73622;1,37846;1,65867;0,250657
2017-03-27 14:42:00;;;;;;100828;24,616;28,0883;369,1;1,6233;1,71107;1,37227;1,65542;0,25029
2017-03-27 14:43:00;;;;;;100828;24,674;27,8093;361,733;1,58417;1,74649;1,39229;1,66474;0,24987
2017-03-27 14:44:00;;;;;;100829;24,7827;27,8427;360,6;1,64375;1,69454;1,36899;1,65384;0,249987
2017-03-27 14:45:00;;;;;;100828;24,8487;27,8123;375,633;1,70775;1,65406;1,35;1,64535;0,250007
2017-03-27 14:46:00;;;;;;100827;24,874;27,7487;365,9;1,62683;1,70582;1,37137;1,65552;0,25055
2017-03-27 14:47:00;;;;;;100827;24,852;27,909;361,1;1,58109;1,75232;1,4031;1,67021;0,251253
2017-03-27 14:48:00;;;;;;100823;24,8417;27,881;375;1,5782;1,75286;1,39892;1,66799;0,25235
2017-03-27 14:49:00;;;;;;100822;24,9057;27,8033;366,067;1,5841;1,7568;1,4251;1,68101;0,25296
2017-03-27 14:50:00;;;;;;100824;24,9759;27,7917;361,483;1,58618;1,7582;1,42998;1,68361;0,25319
2017-03-27 14:51:00;;;;;;100825;24,9897;27,6593;365,833;1,58337;1,75637;1,42221;1,67929;0,253337
2017-03-27 14:52:00;;;;;;100823;25,011;27,711;363,968;1,58336;1,7562;1,42425;1,68002;0,253407
2017-03-27 14:53:00;;;;;;100821;25,0463;27,6903;363,6;1,58257;1,756;1,41684;1,6771;0,254253
2017-03-27 14:54:00;;;;;;100817;25,056;27,718;367,767;1,58483;1,75714;1,42573;1,6799;0,254648
2017-03-27 14:55:00;;;;;;100817;24,975;28,2443;376,133;1,59241;1,76219;1,45348;1,694;0,256603
2017-03-27 14:56:00;;;;;;100814;25,0167;27,7197;380,1;1,59303;1,7625;1,46639;1,70058;0,2571
2017-03-27 14:57:00;;;;;;100813;24,994;27,989;370,567;1,59239;1,76205;1,4563;1,69518;0,258027
2017-03-27 14:58:00;;;;;;100814;25,0597;27,8593;368,933;1,59312;1,76266;1,45652;1,69539;0,259027
2017-03-27 14:59:00;;;;;;100810;25,0653;27,8543;377,633;1,59323;1,76298;1,46507;1,70005;0,259807
2017-03-27 15:00:00;;;;;;100813;24,9793;28,6897;395,6;1,59308;1,76265;1,45514;1,69454;0,263177
2017-03-27 15:01:00;;;;;;100814;24,839;29,7167;420,3;1,58782;1,75912;1,43796;1,68641;0,267587
2017-03-27 15:02:00;;;;;;100813;24,693;32,3947;471,8;1,59273;1,76263;1,45959;1,69669;0,27624
2017-03-27 15:03:00;;;;;;100811;24,426;33,471;544,8;1,59249;1,76242;1,45273;1,69365;0,287327
2017-03-27 15:04:00;;;;;;100809;24,14;34,421;575,1;1,59431;1,76278;1,47726;1,70535;0,29805
2017-03-27 15:05:00;;;;;;100809;24,245;33,7673;604,5;1,59416;1,76262;1,46926;1,70257;0,305477
2017-03-27 15:06:00;;;;;;100808;24,4934;34,4141;592,241;1,59382;1,76298;1,46788;1,70072;0,311441
2017-03-27 15:07:00;;;;;;100811;24,2503;37,1365;628,548;1,59441;1,76298;1,47364;1,7038;0,322597
2017-03-27 15:08:00;;;;;;100810;24,175;37,1563;674,677;1,59316;1,76249;1,46104;1,69767;0,331767
2017-03-27 15:09:00;;;;;;100811;24,117;36,3893;691,433;1,59381;1,76215;1,46641;1,70017;0,33895
2017-03-27 15:10:00;;;;;;100811;24,323;40,608;671,133;1,59418;1,76295;1,47089;1,70281;0,34509
2017-03-27 15:11:00;;;;;;100812;24,1577;40,6843;666,867;1,5939;1,76278;1,47923;1,70655;0,35226
2017-03-27 15:12:00;;;;;;100810;24,0707;40,677;685,4;1,59361;1,76266;1,47059;1,70188;0,357483
2017-03-27 15:13:00;;;;;;100809;23,9383;40,5723;700,1;1,59341;1,76264;1,4737;1,70333;0,362237
2017-03-27 15:14:00;;;;;;100806;23,9603;41,5527;683,2;1,59375;1,76256;1,47887;1,70623;0,36794
2017-03-27 15:15:00;;;;;;100805;24,4187;39,706;690,033;1,59314;1,76288;1,47409;1,70365;0,369593
2017-03-27 15:16:00;;;;;;100804;24,707;38,9043;664,267;1,59347;1,76274;1,47144;1,7023;0,372043
2017-03-27 15:17:00;;;;;;100803;24,825;38,1727;655;1,59316;1,76293;1,47142;1,7027;0,371853
2017-03-27 15:18:00;;;;;;100800;25,0723;37,3367;646,933;1,59372;1,76317;1,4668;1,701;0,372197
2017-03-27 15:19:00;;;;;;100797;25,1523;38,0167;646,167;1,59467;1,76258;1,48197;1,70826;0,373513
2017-03-27 15:20:00;;;;;;100799;25,265;37,1513;648,4;1,59488;1,76282;1,48193;1,70816;0,373367
2017-03-27 15:21:00;;;;;;100799;25,3397;37,07;646,2;1,59865;1,76293;1,49589;1,71439;0,374037
2017-03-27 15:22:00;;;;;;100796;25,3887;36,9713;637,677;1,60117;1,76339;1,50432;1,71734;0,374203
2017-03-27 15:23:00;;;;;;100796;25,4263;37,078;636,3;1,60729;1,76614;1,52679;1,72871;0,374283
2017-03-27 15:24:00;;;;;;100794;25,4903;36,9287;625;1,60705;1,7663;1,52861;1,72974;0,374139
2017-03-27 15:25:00;;;;;;100793;25,529;36,786;629;1,61102;1,76813;1,54268;1,73671;0,374487
2017-03-27 15:26:00;;;;;;100789;25,5593;36,6937;627,6;1,6076;1,76633;1,52851;1,73028;0,374283
2017-03-27 15:27:00;;;;;;100790;25,5593;36,584;619,267;1,61247;1,76961;1,54624;1,73889;0,37378
2017-03-27 15:28:00;;;;;;100785;25,5883;36,418;610,667;1,61685;1,77249;1,56585;1,74797;0,373757
2017-03-27 15:29:00;;;;;;100782;25,5963;36,3087;613,433;1,61541;1,77159;1,55666;1,74289;0,37336
2017-03-27 15:30:00;;;;;;100782;25,644;36,2007;605,033;1,61667;1,77235;1,56605;1,74843;0,37275
2017-03-27 15:31:00;;;;;;100780;25,654;35,9867;615,667;1,61795;1,77378;1,58075;1,75608;0,37198
2017-03-27 15:32:00;;;;;;100778;25,6567;35,8673;599,933;1,6194;1,77404;1,59079;1,76044;0,37189
2017-03-27 15:33:00;;;;;;100777;25,6817;35,6687;603,1;1,61887;1,77385;1,58367;1,75703;0,371063
2017-03-27 15:34:00;;;;;;100778;25,6883;35,5213;600,7;1,61962;1,77413;1,58931;1,75971;0,37046
2017-03-27 15:35:00;;;;;;100777;25,7197;35,256;592;1,61904;1,7738;1,58625;1,75832;0,36974
2017-03-27 15:36:00;;;;;;100777;25,7497;35,1393;586,103;1,61918;1,77433;1,58795;1,75946;0,3686
2017-03-27 15:37:00;;;;;;100778;25,7737;35,0207;586,935;1,61635;1,77229;1,56661;1,74822;0,367773
2017-03-27 15:38:00;;;;;;100772;25,799;34,852;586,333;1,61813;1,7732;1,57997;1,75487;0,366457
2017-03-27 15:39:00;;;;;;100773;25,809;34,7213;569,267;1,61827;1,77375;1,5854;1,75807;0,366194
2017-03-27 15:40:00;;;;;;100773;25,846;34,505;570,7;1,61753;1,77293;1,57435;1,75283;0,36573
2017-03-27 15:41:00;;;;;;100770;25,8507;34,4187;569,567;1,61116;1,76873;1,54101;1,73593;0,364717
2017-03-27 15:42:00;;;;;;100771;25,875;34,298;571,833;1,61389;1,77045;1,56026;1,74482;0,36406
2017-03-27 15:43:00;;;;;;100772;25,8603;34,21;564,5;1,59806;1,76168;1,48704;1,70934;0,36369
2017-03-27 15:44:00;;;;;;100772;25,9263;33,9757;575,2;1,59908;1,76207;1,48989;1,71147;0,363157
2017-03-27 15:45:00;;;;;;100773;25,9223;33,9087;571;1,6173;1,7731;1,57265;1,75186;0,36201
2017-03-27 15:46:00;;;;;;100772;25,9507;33,8037;549,2;1,61822;1,77358;1,58102;1,756;0,36143
2017-03-27 15:47:00;;;;;;100770;25,9697;33,6723;559,8;1,61938;1,7741;1,58803;1,75914;0,360757
2017-03-27 15:48:00;;;;;;100770;25,9833;33,4797;550,9;1,61791;1,77334;1,57725;1,75418;0,360383
2017-03-27 15:49:00;;;;;;100768;26,0087;33,287;559,567;1,61883;1,77402;1,58369;1,75724;0,359987
2017-03-27 15:50:00;;;;;;100765;26,0127;33,2717;563,167;1,6125;1,7703;1,54861;1,73977;0,359407
2017-03-27 15:51:00;;;;;;100765;25,9903;33,2083;552,069;1,61786;1,77338;1,5778;1,75406;0,358969
2017-03-27 15:52:00;;;;;;100763;26,0067;33,0927;540,467;1,61824;1,77378;1,58122;1,75578;0,35805
2017-03-27 15:53:00;;;;;;100760;26,003;33,0047;540,867;1,61822;1,77369;1,57959;1,75498;0,3581
2017-03-27 15:54:00;;;;;;100764;26,0203;32,9127;535,5;1,61644;1,77236;1,56413;1,7471;0,357923
2017-03-27 15:55:00;;;;;;100762;26,0183;32,826;540,7;1,61705;1,77298;1,56563;1,74816;0,357173
2017-03-27 15:56:00;;;;;;100761;26,019;32,6887;539,7;1,61465;1,77095;1,55435;1,74295;0,356627
2017-03-27 15:57:00;;;;;;100762;26,01;32,6113;534,467;1,59755;1,76308;1,48878;1,7097;0,356263
2017-03-27 15:58:00;;;;;;100761;26,023;32,47;526,9;1,61203;1,76904;1,54538;1,7375;0,35568
2017-03-27 15:59:00;;;;;;100759;26,0453;32,3713;538,333;1,61733;1,77309;1,572;1,75147;0,354863
2017-03-27 16:00:00;;;;;;100758;26,08;32,4007;532,133;1,60817;1,76721;1,53151;1,73195;0,354507
2017-03-27 16:01:00;;;;;;100760;26,0937;32,1817;528,724;1,60074;1,76408;1,49486;1,7129;0,35411
2017-03-27 16:02:00;;;;;;100759;26,0793;32,166;533,9;1,61126;1,76908;1,54157;1,73667;0,353823
2017-03-27 16:03:00;;;;;;100758;26,111;32,0393;526;1,59686;1,76323;1,48344;1,70689;0,353233
2017-03-27 16:04:00;;;;;;100754;26,139;31,978;522,567;1,59434;1,76193;1,47213;1,70286;0,352813
2017-03-27 16:05:00;;;;;;100752;26,101;31,893;515,7;1,60704;1,76623;1,52643;1,72942;0,35249
2017-03-27 16:06:00;;;;;;100751;26,113;31,7917;524;1,60045;1,76396;1,50109;1,71631;0,351587
2017-03-27 16:07:00;;;;;;100751;26,1417;31,7167;516,6;1,59827;1,76322;1,48938;1,71183;0,351687
2017-03-27 16:08:00;;;;;;100753;26,116;31,6753;511,4;1,59613;1,76308;1,47883;1,70637;0,35139
2017-03-27 16:09:00;;;;;;100752;26,1947;31,4247;517,567;1,59567;1,76304;1,4761;1,70629;0,350927
2017-03-27 16:10:00;;;;;;100750;26,163;31,442;508,733;1,59655;1,76324;1,48413;1,70853;0,350367
2017-03-27 16:11:00;;;;;;100752;26,1663;31,4527;501,033;1,59863;1,76362;1,49649;1,71491;0,350087
2017-03-27 16:12:00;;;;;;100750;26,1537;31,4193;509,033;1,60728;1,76699;1,52603;1,72878;0,349743
2017-03-27 16:13:00;;;;;;100749;26,1597;31,353;512,467;1,61254;1,76976;1,54778;1,73903;0,34924
2017-03-27 16:14:00;;;;;;100747;26,175;31,306;507,767;1,61462;1,77088;1,55534;1,7435;0,34903
2017-03-27 16:15:00;;;;;;100747;26,136;31,23;499,8;1,61054;1,76835;1,53908;1,73544;0,348957
2017-03-27 16:16:00;;;;;;100748;26,1352;31,2113;500,5;1,59901;1,76356;1,49406;1,71369;0,34876
2017-03-27 16:17:00;;;;;;100748;26,1407;31,0933;494,129;1,61176;1,76949;1,54445;1,73725;0,347697
2017-03-27 16:18:00;;;;;;100746;26,143;31,0633;487;1,60168;1,76448;1,50814;1,72036;0,347277
2017-03-27 16:19:00;;;;;;100745;26,1933;30,9383;486,533;1,60006;1,76371;1,49941;1,71644;0,34662
2017-03-27 16:20:00;;;;;;100745;26,2131;30,8575;474,688;1,6056;1,76518;1,51875;1,72483;0,345875
2017-03-27 16:21:00;;;;;;100742;26,2456;30,69;484,625;1,6112;1,76868;1,54054;1,73536;0,345294
2017-03-27 16:22:00;;;;;;100742;26,2744;30,6975;480,812;1,61423;1,77073;1,55302;1,7419;0,344881
2017-03-27 16:23:00;;;;;;100742;26,2931;30,6456;480,438;1,61589;1,77231;1,55919;1,74493;0,344544
2017-03-27 16:24:00;;;;;;100739;26,2897;30,69;484,625;1,61694;1,77293;1,57061;1,75023;0,344094
2017-03-27 16:25:00;;;;;;100740;26,2734;30,71;482,625;1,61471;1,77143;1,55462;1,74261;0,34425
2017-03-27 16:26:00;;;;;;100738;26,2784;30,7125;487,25;1,61098;1,7685;1,54174;1,73609;0,344191
2017-03-27 16:27:00;;;;;;100736;26,2488;30,6769;484,969;1,60428;1,76544;1,5132;1,72337;0,344078
2017-03-27 16:28:00;;;;;;100734;26,2413;30,66;482,062;1,60104;1,76491;1,50434;1,71651;0,3435
2017-03-27 16:29:00;;;;;;100736;26,2603;30,6266;485;1,61243;1,76947;1,54588;1,73807;0,344047
2017-03-27 16:30:00;;;;;;100737;26,2859;30,565;475,75;1,61066;1,76888;1,53853;1,73438;0,344044
2017-03-27 16:31:00;;;;;;100735;26,2906;30,5531;473,938;1,61605;1,77227;1,55722;1,7443;0,343919
2017-03-27 16:32:00;;;;;;100737;26,2894;30,5625;476,906;1,61326;1,77013;1,54984;1,74062;0,343525
2017-03-27 16:33:00;;;;;;100734;26,2553;30,5953;472,219;1,60928;1,76797;1,53459;1,73363;0,343881
2017-03-27 16:34:00;;;;;;100732;26,2438;30,5903;475,188;1,61298;1,76983;1,54633;1,73867;0,3439
2017-03-27 16:35:00;;;;;;100735;26,26;30,6041;469,75;1,60932;1,76801;1,53713;1,73404;0,343772
2017-03-27 16:36:00;;;;;;100734;26,2972;30,4313;460,219;1,60895;1,7676;1,53414;1,73207;0,343444
2017-03-27 16:37:00;;;;;;100736;26,2444;30,4188;463,25;1,6127;1,76949;1,54706;1,73839;0,343494
2017-03-27 16:38:00;;;;;;100731;26,2413;30,4187;454,656;1,60887;1,7672;1,53074;1,73191;0,343369
2017-03-27 16:39:00;;;;;;100733;26,2725;30,4125;460,875;1,60862;1,76769;1,53562;1,73373;0,34285
2017-03-27 16:40:00;;;;;;100732;26,2469;30,3031;453,188;1,61309;1,77051;1,54799;1,73981;0,342625
2017-03-27 16:41:00;;;;;;100734;26,2438;30,325;461,938;1,61208;1,76978;1,54518;1,73773;0,342488
2017-03-27 16:42:00;;;;;;100734;26,2453;30,2113;459,312;1,6103;1,76862;1,53988;1,73521;0,341528
2017-03-27 16:43:00;;;;;;100735;26,2306;30,1837;448,188;1,60019;1,76314;1,49634;1,7142;0,341322
2017-03-27 16:44:00;;;;;;100733;26,245;30,1819;458,656;1,60475;1,76504;1,51715;1,72471;0,340947
2017-03-27 16:45:00;;;;;;100731;26,2606;30,1982;458,406;1,60589;1,76551;1,52289;1,72769;0,34057
2017-03-27 16:46:00;;;;;;100731;26,2728;30,1925;443,844;1,60851;1,76699;1,53441;1,73315;0,339697
2017-03-27 16:47:00;;;;;;100727;26,2759;30,1784;449;1,60618;1,76592;1,52391;1,7285;0,339766
2017-03-27 16:48:00;;;;;;100726;26,2506;30,1147;450,969;1,61065;1,76841;1,54021;1,73625;0,339616
2017-03-27 16:49:00;;;;;;100727;26,2556;30,1666;447,394;1,60773;1,76669;1,52978;1,73113;0,339019
2017-03-27 16:50:00;;;;;;100726;26,2537;30,0494;450,531;1,60374;1,76427;1,51233;1,72196;0,338669
2017-03-27 16:51:00;;;;;;100728;26,2612;29,9863;455,906;1,60337;1,76454;1,51417;1,72305;0,338291
2017-03-27 16:52:00;;;;;;100730;26,2675;30,0519;451,469;1,59931;1,7638;1,49178;1,71289;0,338141
2017-03-27 16:53:00;;;;;;100728;26,2809;29,9538;435,75;1,59931;1,76358;1,49681;1,71515;0,337716
2017-03-27 16:54:00;;;;;;100730;26,3175;29,9312;443,938;1,59319;1,76089;1,45782;1,69623;0,337953
2017-03-27 16:55:00;;;;;;100728;26,3231;29,8888;441,969;1,60165;1,76415;1,50739;1,71994;0,337928
2017-03-27 16:56:00;;;;;;100729;26,3137;29,8775;442,812;1,59354;1,76216;1,46758;1,70171;0,337641
2017-03-27 16:57:00;;;;;;100726;26,3022;29,8625;435,844;1,60927;1,76739;1,53459;1,73332;0,33757
2017-03-27 16:58:00;;;;;;100726;26,2728;29,82;439,938;1,60577;1,76537;1,5205;1,72631;0,337447
2017-03-27 16:59:00;;;;;;100726;26,2612;29,8275;440,406;1,6109;1,76839;1,54096;1,73619;0,337116
2017-03-27 17:00:00;;;;;;100725;26,2503;29,7456;438,25;1,60779;1,76674;1,52857;1,73012;0,336312
2017-03-27 17:01:00;;;;;;100722;26,2625;29,69;424,312;1,6068;1,76581;1,52663;1,72922;0,336509
2017-03-27 17:02:00;;;;;;100720;26,27;29,68;444,812;1,597;1,76338;1,48624;1,70929;0,335838
2017-03-27 17:03:00;;;;;;100719;26,2869;29,61;436,594;1,5887;1,76009;1,44099;1,68875;0,335131
2017-03-27 17:04:00;;;;;;100719;26,3122;29,6337;430,03;1,59965;1,76321;1,49429;1,71324;0,334338
2017-03-27 17:05:00;;;;;;100718;26,2812;29,5725;433,156;1,60308;1,76476;1,51361;1,72284;0,334109
2017-03-27 17:06:00;;;;;;100718;26,3053;29,5975;429,281;1,60363;1,76484;1,51177;1,72235;0,333828
2017-03-27 17:07:00;;;;;;100716;26,2697;29,55;428,839;1,60055;1,76376;1,50112;1,71697;0,333281
2017-03-27 17:08:00;;;;;;100716;26,27;29,5737;428,438;1,59481;1,76271;1,47713;1,70481;0,333016
2017-03-27 17:09:00;;;;;;100714;26,25;29,5487;425,375;1,59779;1,76338;1,48711;1,71068;0,332819
2017-03-27 17:10:00;;;;;;100710;26,2581;29,5256;415,25;1,59471;1,76218;1,46997;1,70077;0,332656
2017-03-27 17:11:00;;;;;;100708;26,2856;29,59;417,312;1,58924;1,76067;1,43889;1,68784;0,332225
2017-03-27 17:12:00;;;;;;100708;26,2766;29,4847;410,969;1,58454;1,75718;1,42276;1,67999;0,3321
2017-03-27 17:13:00;;;;;;100706;26,2425;29,5678;423,75;1,60011;1,7638;1,50053;1,71555;0,332344
2017-03-27 17:14:00;;;;;;100703;26,2997;29,3963;419,812;1,59732;1,76337;1,48825;1,71077;0,331416
2017-03-27 17:15:00;;;;;;100699;26,305;29,4372;430,781;1,59477;1,76293;1,47116;1,70359;0,331734
2017-03-27 17:16:00;;;;;;100700;26,2881;29,335;419,312;1,60603;1,7657;1,52205;1,72634;0,331912
2017-03-27 17:17:00;;;;;;100699;26,2528;29,33;422,875;1,60793;1,76658;1,52917;1,72951;0,331277
2017-03-27 17:18:00;;;;;;100698;26,2562;29,3722;421,375;1,61078;1,76843;1,53867;1,73531;0,330569
2017-03-27 17:19:00;;;;;;100697;26,2847;29,2537;411,25;1,61076;1,76893;1,54099;1,73598;0,330875
2017-03-27 17:20:00;;;;;;100694;26,2975;29,2775;416;1,60445;1,76512;1,51998;1,72533;0,330412
2017-03-27 17:21:00;;;;;;100697;26,2975;29,2625;410,625;1,60695;1,76641;1,52645;1,7304;0,33
2017-03-27 17:22:00;;;;;;100696;26,3103;29,2059;419,312;1,60321;1,76447;1,51228;1,72243;0,329581
2017-03-27 17:23:00;;;;;;100695;26,305;29,1575;416,906;1,60023;1,76419;1,4974;1,71513;0,329269
2017-03-27 17:24:00;;;;;;100692;26,3055;29,22;412,688;1,59691;1,76256;1,48113;1,70759;0,329169
2017-03-27 17:25:00;;;;;;100688;26,2681;29,1812;417,062;1,60086;1,76413;1,49952;1,71666;0,3287
2017-03-27 17:26:00;;;;;;100687;26,2781;29,105;418,969;1,60087;1,76412;1,49982;1,71676;0,329056
2017-03-27 17:27:00;;;;;;100681;26,2781;29,1619;410,625;1,60632;1,76598;1,52271;1,72712;0,328771
2017-03-27 17:28:00;;;;;;100681;26,2687;29,1888;412,156;1,593;1,76204;1,46705;1,70105;0,3287
2017-03-27 17:29:00;;;;;;100681;26,2612;29,2012;406;1,59982;1,7637;1,49754;1,71454;0,328572
2017-03-27 17:30:00;;;;;;100680;26,2675;29,2284;401,688;1,60325;1,76486;1,51238;1,72282;0,328587
2017-03-27 17:31:00;;;;;;100678;26,2397;29,1625;406,594;1,60335;1,76456;1,5135;1,72261;0,328559
2017-03-27 17:32:00;;;;;;100677;26,2356;29,1591;405,625;1,6022;1,7644;1,50655;1,71953;0,328228
2017-03-27 17:33:00;;;;;;100677;26,2256;29,1575;403,438;1,60453;1,76509;1,51366;1,72272;0,328819
2017-03-27 17:34:00;;;;;;100676;26,2134;29,1994;410,03;1,60375;1,76507;1,51539;1,72433;0,328669
2017-03-27 17:35:00;;;;;;100672;26,225;29,1706;406,812;1,60194;1,76446;1,50706;1,71935;0,328519
2017-03-27 17:36:00;;;;;;100674;26,2031;29,1509;405,469;1,60693;1,76603;1,52419;1,72822;0,328912
2017-03-27 17:37:00;;;;;;100674;26,1994;29,1787;402,5;1,60198;1,76411;1,50831;1,72025;0,328719
2017-03-27 17:38:00;;;;;;100673;26,2241;29,1516;395,606;1,60495;1,76485;1,52014;1,72588;0,328672
2017-03-27 17:39:00;;;;;;100672;26,1863;29,1875;406,562;1,60364;1,76512;1,51419;1,72383;0,3281
2017-03-27 17:40:00;;;;;;100671;26,1734;29,2313;407,438;1,60649;1,76583;1,52407;1,72769;0,329244
2017-03-27 17:41:00;;;;;;100668;26,1813;29,2213;406,5;1,60493;1,76528;1,51765;1,72504;0,329081
2017-03-27 17:42:00;;;;;;100669;26,1609;29,23;403,844;1,59359;1,76252;1,46896;1,70111;0,329175
2017-03-27 17:43:00;;;;;;100670;26,1519;29,2653;403,906;1,58831;1,7583;1,43424;1,68495;0,328969
2017-03-27 17:44:00;;;;;;100669;26,1594;29,295;401,156;1,59877;1,76338;1,48258;1,70825;0,329409
2017-03-27 17:45:00;;;;;;100668;26,1434;29,2363;397,188;1,59397;1,76228;1,47153;1,70203;0,329444
2017-03-27 17:46:00;;;;;;100668;26,1434;29,2562;397,375;1,60048;1,76386;1,50105;1,71726;0,328912
2017-03-27 17:47:00;;;;;;100668;26,1372;29,2787;403,625;1,59588;1,76269;1,47898;1,7061;0,329594
2017-03-27 17:48:00;;;;;;100667;26,1124;29,2931;392,656;1,58825;1,75817;1,44055;1,6874;0,329803
2017-03-27 17:49:00;;;;;;100670;26,1003;29,29;384,188;1,59275;1,76181;1,46313;1,69924;0,329941
2017-03-27 17:50:00;;;;;;100667;26,0825;29,31;398,75;1,598;1,76345;1,49201;1,71176;0,330175
2017-03-27 17:51:00;;;;;;100669;26,0644;29,3212;397,25;1,59083;1,75969;1,45103;1,69245;0,330575
2017-03-27 17:52:00;;;;;;100664;26,0637;29,3475;402,562;1,59741;1,76332;1,48849;1,71134;0,330813
2017-03-27 17:53:00;;;;;;100666;26,0738;29,3613;397,844;1,59296;1,76182;1,46326;1,69924;0,330953
2017-03-27 17:54:00;;;;;;100666;26,0528;29,3388;399,281;1,59411;1,76265;1,46998;1,70246;0,331256
2017-03-27 17:55:00;;;;;;100664;26,0444;29,3675;395,906;1,59549;1,76316;1,47914;1,70666;0,331755
2017-03-27 17:56:00;;;;;;100666;26,0319;29,38;402,875;1,59481;1,76259;1,47163;1,70364;0,33215
2017-03-27 17:57:00;;;;;;100668;26,04;29,37;389,562;1,59236;1,76166;1,46077;1,69964;0,331869
2017-03-27 17:58:00;;;;;;100666;26,0109;29,385;390,75;1,6023;1,74247;1,41989;1,67767;0,332184
2017-03-27 17:59:00;;;;;;100665;25,9816;29,455;394,5;1,59144;1,74468;1,39716;1,66763;0,332203
2017-03-27 18:00:00;;;;;;100664;25,9703;29,44;392,636;1,58826;1,75885;1,44137;1,68916;0,332362
2017-03-27 18:01:00;;;;;;100666;25,97;29,4325;400,625;1,58716;1,75754;1,43503;1,68557;0,332794
2017-03-27 18:02:00;;;;;;100664;25,9619;29,47;396,25;1,59079;1,76121;1,45124;1,69381;0,333237
2017-03-27 18:03:00;;;;;;100663;25,9575;29,445;392,688;1,59938;1,7637;1,49778;1,71539;0,333288
2017-03-27 18:04:00;;;;;;100663;25,9509;29,41;389,188;1,59989;1,76376;1,49959;1,71602;0,333272
2017-03-27 18:05:00;;;;;;100663;25,9297;29,495;394,781;1,59652;1,76339;1,48655;1,71039;0,333406
2017-03-27 18:06:00;;;;;;100663;25,9291;29,4144;392,25;1,59129;1,76179;1,45376;1,69423;0,333597
2017-03-27 18:07:00;;;;;;100661;25,9075;29,47;387;1,59367;1,76288;1,46676;1,7005;0,333869
2017-03-27 18:08:00;;;;;;100662;25,8922;29,4306;395,719;1,59422;1,76232;1,47161;1,70281;0,333803
2017-03-27 18:09:00;;;;;;100661;25,8791;29,4713;390,5;1,59263;1,76254;1,45982;1,69737;0,333909
2017-03-27 18:10:00;;;;;;100660;25,8519;29,5275;397,375;1,59276;1,76252;1,46567;1,70003;0,33345
2017-03-27 18:11:00;;;;;;100658;25,8531;29,545;388,938;1,59053;1,76143;1,44561;1,69064;0,333247
2017-03-27 18:12:00;;;;;;100661;25,8481;29,515;392,25;1,58618;1,75859;1,43389;1,68449;0,333138
2017-03-27 18:13:00;;;;;;100660;25,8203;29,4569;390,594;1,58772;1,75855;1,43305;1,68398;0,333047
2017-03-27 18:14:00;;;;;;100659;25,8031;29,47;388,719;1,59474;1,76234;1,46851;1,70158;0,333166
2017-03-27 18:15:00;;;;;;100659;25,7909;29,4713;389,5;1,59664;1,76325;1,48567;1,71038;0,332841
2017-03-27 18:16:00;;;;;;100660;25,7728;29,5112;383,969;1,5937;1,76257;1,46958;1,70174;0,332784
2017-03-27 18:17:00;;;;;;100660;25,7812;29,4875;394,875;1,59009;1,76137;1,44324;1,68949;0,3329
2017-03-27 18:18:00;;;;;;100659;25,7825;29,4763;385,969;1,59068;1,76141;1,44731;1,69124;0,33265
2017-03-27 18:19:00;;;;;;100660;25,7525;29,4987;390,875;1,58877;1,76076;1,43956;1,68772;0,33265
2017-03-27 18:20:00;;;;;;100659;25,7345;29,4788;393;1,58137;1,75469;1,40774;1,67254;0,332572
2017-03-27 18:21:00;;;;;;100659;25,7209;29,5;380,312;1,59051;1,75281;1,41652;1,67686;0,332244
2017-03-27 18:22:00;;;;;;100658;25,7081;29,53;389,25;1,59811;1,76311;1,48904;1,71154;0,332487
2017-03-27 18:23:00;;;;;;100656;25,6944;29,5197;389;1,5889;1,75998;1,44373;1,68935;0,332288
2017-03-27 18:24:00;;;;;;100656;25,7044;29,5581;387,812;1,59047;1,76156;1,44665;1,69058;0,331819
2017-03-27 18:25:00;;;;;;100658;25,6906;29,5016;389,406;1,58165;1,75463;1,41089;1,67401;0,331378
2017-03-27 18:26:00;;;;;;100657;25,6719;29,46;384,656;1,58894;1,76051;1,44398;1,68952;0,331869
2017-03-27 18:27:00;;;;;;100655;25,6563;29,4956;388,688;1,59152;1,76242;1,45623;1,69673;0,331694
2017-03-27 18:28:00;;;;;;100658;25,6672;29,415;386,188;1,59214;1,76186;1,46176;1,6982;0,331431
2017-03-27 18:29:00;;;;;;100660;25,6519;29,54;379,406;1,58833;1,75956;1,43492;1,68497;0,331322
2017-03-27 18:30:00;;;;;;100656;25,6181;29,5537;384,688;1,58807;1,75997;1,44346;1,68859;0,33145
2017-03-27 18:31:00;;;;;;100655;25,5969;29,5144;389,031;1,58514;1,75742;1,42698;1,68146;0,331234
2017-03-27 18:32:00;;;;;;100654;25,5925;29,5487;385,375;1,58406;1,75659;1,42799;1,68169;0,330644
2017-03-27 18:33:00;;;;;;100652;25,5844;29,5216;377,844;1,58674;1,75621;1,42481;1,68063;0,330713
2017-03-27 18:34:00;;;;;;100653;25,5516;29,6138;376,438;1,58829;1,75507;1,42644;1,68184;0,330727
2017-03-27 18:35:00;;;;;;100653;25,5506;29,6056;383,938;1,58844;1,75954;1,44187;1,6891;0,330212
2017-03-27 18:36:00;;;;;;100651;25,5409;29,52;385,688;1,58292;1,75335;1,41095;1,67346;0,329881
2017-03-27 18:37:00;;;;;;100651;25,525;29,5512;378,562;1,58494;1,75743;1,42436;1,68051;0,329731
2017-03-27 18:38:00;;;;;;100648;25,5281;29,5194;382,875;1,58093;1,75105;1,40712;1,67063;0,329869
2017-03-27 18:39:00;;;;;;100649;25,5188;29,5641;376,688;1,58983;1,75782;1,44059;1,68796;0,329616
2017-03-27 18:40:00;;;;;;100649;25,5219;29,5181;373,531;1,58811;1,7597;1,44046;1,68907;0,329544
2017-03-27 18:41:00;;;;;;100651;25,4566;29,5503;384,438;1,58887;1,75972;1,44109;1,68886;0,329634
2017-03-27 18:42:00;;;;;;100653;25,4584;29,5553;379,594;1,58274;1,75355;1,41314;1,67517;0,329372
2017-03-27 18:43:00;;;;;;100651;25,455;29,6125;370;1,57964;1,75327;1,40612;1,67253;0,329144
2017-03-27 18:44:00;;;;;;100654;25,4688;29,5344;388,844;1,58087;1,75507;1,41219;1,67528;0,32935
2017-03-27 18:45:00;;;;;;100652;25,43;29,5106;383,375;1,57936;1,75044;1,39535;1,66706;0,329494
2017-03-27 18:46:00;;;;;;100651;25,3837;29,6912;378;1,57989;1,75376;1,40464;1,67089;0,329272
2017-03-27 18:47:00;;;;;;100650;25,3806;29,525;374,438;1,58304;1,75629;1,41736;1,67745;0,329387
2017-03-27 18:48:00;;;;;;100648;25,3744;29,4562;382,594;1,59008;1,7427;1,38947;1,66359;0,328431
2017-03-27 18:49:00;;;;;;100647;25,3594;29,3162;378,312;1,60451;1,72633;1,38465;1,6612;0,327559
2017-03-27 18:50:00;;;;;;100647;25,3137;29,395;373,625;1,58444;1,74848;1,39241;1,66501;0,3263
2017-03-27 18:51:00;;;;;;100645;25,2978;29,4741;381,531;1,59025;1,74633;1,40178;1,66985;0,326736
2017-03-27 18:52:00;;;;;;100646;25,2822;29,4859;384,25;1,62907;1,70873;1,36829;1,65386;0,326469
2017-03-27 18:53:00;;;;;;100645;25,2472;29,7312;372,688;1,58043;1,7536;1,40342;1,67031;0,325669
2017-03-27 18:54:00;;;;;;100644;25,2153;29,4972;370,594;1,58841;1,75979;1,44255;1,68846;0,325309
2017-03-27 18:55:00;;;;;;100642;25,155;29,4425;368,188;1,58999;1,74786;1,40256;1,66844;0,324475
2017-03-27 18:56:00;;;;;;100643;25,1131;29,5175;382,156;1,58742;1,75925;1,43293;1,68463;0,323988
2017-03-27 18:57:00;;;;;;100644;25,0881;29,55;376,848;1,58717;1,75942;1,43457;1,68561;0,323212
2017-03-27 18:58:00;;;;;;100644;25,0787;29,5325;377,5;1,59074;1,76201;1,44851;1,69219;0,323025
2017-03-27 18:59:00;;;;;;100640;25,0572;29,5522;372,094;1,58284;1,75499;1,41289;1,6749;0,322813
2017-03-27 19:00:00;;;;;;100643;25,0462;29,5187;379,062;1,5812;1,75483;1,41109;1,67282;0,322544
2017-03-27 19:01:00;;;;;;100642;25,0166;29,5263;366,094;1,58221;1,75539;1,41412;1,67485;0,322309
2017-03-27 19:02:00;;;;;;100641;25,0044;29,5703;374,281;1,58422;1,75735;1,42251;1,67914;0,322578
2017-03-27 19:03:00;;;;;;100638;24,9775;29,645;382,469;1,58653;1,75889;1,43305;1,68468;0,322872
2017-03-27 19:04:00;;;;;;100641;24,9622;29,71;373,094;1,58387;1,75669;1,42278;1,68008;0,322694
2017-03-27 19:05:00;;;;;;100636;24,945;29,6975;378,125;1,58;1,75413;1,40532;1,6718;0,323294
2017-03-27 19:06:00;;;;;;100634;24,9206;29,675;364;1,57984;1,75363;1,40397;1,67017;0,323625
2017-03-27 19:07:00;;;;;;100631;24,8997;29,6812;380,875;1,58268;1,75341;1,41113;1,6729;0,323634
2017-03-27 19:08:00;;;;;;100633;24,8716;29,65;381,562;1,58262;1,75572;1,41522;1,67558;0,323638
2017-03-27 19:09:00;;;;;;100632;24,8588;29,675;379,312;1,58127;1,75094;1,39619;1,66682;0,323944
2017-03-27 19:10:00;;;;;;100633;24,8103;29,7753;369,406;1,58173;1,75408;1,40826;1,67233;0,324531
2017-03-27 19:11:00;;;;;;100634;24,7922;29,7378;380,656;1,58189;1,75366;1,40678;1,67203;0,324166
2017-03-27 19:12:00;;;;;;100635;24,7809;29,7706;377,781;1,58888;1,76021;1,44384;1,68948;0,324731
2017-03-27 19:13:00;;;;;;100634;24,7497;29,7987;369,406;1,58611;1,7583;1,4326;1,68391;0,324813
2017-03-27 19:14:00;;;;;;100635;24,7394;29,8491;381,844;1,58729;1,75946;1,43368;1,68513;0,324969
2017-03-27 19:15:00;;;;;;100636;24,6897;29,7769;375,333;1,58586;1,74999;1,40246;1,67001;0,325137
2017-03-27 19:16:00;;;;;;100637;24,6219;29,9569;373,938;1,57917;1,74987;1,39267;1,66509;0,325938
2017-03-27 19:17:00;;;;;;100637;24,5988;30,0631;376;1,58283;1,75482;1,41568;1,67607;0,326456
2017-03-27 19:18:00;;;;;;100637;24,547;30,0822;375,844;1,5854;1,7579;1,43032;1,68353;0,326541
2017-03-27 19:19:00;;;;;;100631;24,545;30,1381;370,688;1,58919;1,75456;1,42502;1,68126;0,327044
2017-03-27 19:20:00;;;;;;100635;24,5175;30,2675;374,688;1,59152;1,74768;1,41307;1,67497;0,327262
2017-03-27 19:21:00;;;;;;100634;24,4894;30,26;368,938;1,59522;1,74039;1,39299;1,66564;0,327531
2017-03-27 19:22:00;;;;;;100636;24,5225;30,2125;385,781;1,58832;1,74963;1,40918;1,67338;0,327188
2017-03-27 19:23:00;;;;;;100634;24,5431;30,2;377,531;1,58093;1,75468;1,41131;1,67477;0,3275
2017-03-27 19:24:00;;;;;;100635;24,555;30,2;375,812;1,58315;1,75588;1,41691;1,67685;0,327444
2017-03-27 19:25:00;;;;;;100636;24,5528;30,1612;369,594;1,57935;1,75279;1,40078;1,66876;0,327563
2017-03-27 19:26:00;;;;;;100637;24,5294;30,2;369,812;1,58934;1,74941;1,41282;1,67377;0,328013
2017-03-27 19:27:00;;;;;;100637;24,5212;30,2;375;1,5914;1,76164;1,45688;1,6964;0,328233
2017-03-27 19:28:00;;;;;;100639;24,51;30,1906;375,969;1,59441;1,76288;1,47042;1,70196;0,32805
2017-03-27 19:29:00;;;;;;100640;24,5131;30,1925;372,312;1,59434;1,76303;1,47101;1,70362;0,327906
2017-03-27 19:30:00;;;;;;100639;24,4947;30,18;378,875;1,58888;1,76038;1,44038;1,68848;0,327978
2017-03-27 19:31:00;;;;;;100637;24,4978;30,1716;370,812;1,59344;1,76211;1,46707;1,70009;0,327834
2017-03-27 19:32:00;;;;;;100643;24,4956;30,1584;373,515;1,58804;1,75998;1,43887;1,68758;0,327688
2017-03-27 19:33:00;;;;;;100642;24,4947;30,1612;373,781;1,59262;1,76213;1,45797;1,69606;0,327856
2017-03-27 19:34:00;;;;;;100644;24,49;30,1781;366;1,59254;1,76274;1,45701;1,69666;0,327625
2017-03-27 19:35:00;;;;;;100644;24,4925;30,1753;375,156;1,58713;1,75885;1,43486;1,68558;0,327875
2017-03-27 19:36:00;;;;;;100644;24,4781;30,18;371,75;1,58996;1,76072;1,446;1,69079;0,327606
2017-03-27 19:37:00;;;;;;100643;24,4631;30,195;376,469;1,59194;1,76216;1,45796;1,69599;0,32785
2017-03-27 19:38:00;;;;;;100642;24,4541;30,18;378,25;1,59847;1,76325;1,49411;1,7135;0,328184
2017-03-27 19:39:00;;;;;;100644;24,4631;30,2037;368,375;1,5925;1,76181;1,46255;1,69862;0,328156
2017-03-27 19:40:00;;;;;;100642;24,4594;30,2213;368,625;1,59025;1,76082;1,44237;1,6885;0,328469
2017-03-27 19:41:00;;;;;;100641;24,4669;30,255;370,219;1,58914;1,76029;1,44368;1,6899;0,32885
2017-03-27 19:42:00;;;;;;100642;24,4569;30,23;367,25;1,59183;1,76158;1,45733;1,69578;0,32905
2017-03-27 19:43:00;;;;;;100643;24,4688;30,1975;375,125;1,59217;1,7623;1,45408;1,69372;0,329019
2017-03-27 19:44:00;;;;;;100641;24,4709;30,2;375,531;1,59105;1,76157;1,45464;1,69489;0,329847
2017-03-27 19:45:00;;;;;;100645;24,46;30,2275;369,875;1,59572;1,76299;1,47819;1,70668;0,330256
2017-03-27 19:46:00;;;;;;100642;24,4506;30,2188;368,375;1,60087;1,76406;1,50158;1,71669;0,330166
2017-03-27 19:47:00;;;;;;100642;24,4556;30,36;372,188;1,60072;1,76464;1,49994;1,71648;0,3301
2017-03-27 19:48:00;;;;;;100641;24,4209;30,3112;383,531;1,59282;1,76242;1,45967;1,69717;0,330356
2017-03-27 19:49:00;;;;;;100643;24,4156;30,295;365,625;1,60263;1,76423;1,50856;1,72059;0,3305
2017-03-27 19:50:00;;;;;;100643;24,4016;30,295;374,562;1,6013;1,76377;1,50357;1,71815;0,330084
2017-03-27 19:51:00;;;;;;100642;24,4;30,2475;372,75;1,59899;1,76323;1,49539;1,71343;0,330231
2017-03-27 19:52:00;;;;;;100643;24,3961;30,185;374,875;1,59887;1,76312;1,49607;1,71401;0,329953
2017-03-27 19:53:00;;;;;;100642;24,4106;30,19;371,312;1,60144;1,76407;1,51025;1,72145;0,329756
2017-03-27 19:54:00;;;;;;100640;24,4131;30,18;372,406;1,60245;1,76445;1,50829;1,72036;0,329797
2017-03-27 19:55:00;;;;;;100641;24,3991;30,24;377,844;1,59802;1,76347;1,49356;1,7128;0,330378
2017-03-27 19:56:00;;;;;;100642;24,3878;30,2488;372,875;1,5989;1,76345;1,49386;1,71346;0,3307
2017-03-27 19:57:00;;;;;;100643;24,3741;30,2687;374,5;1,59684;1,7633;1,48448;1,70902;0,330869
2017-03-27 19:58:00;;;;;;100643;24,3775;30,285;367,844;1,60062;1,76359;1,50387;1,71749;0,331612
2017-03-27 19:59:00;;;;;;100647;24,3738;30,2925;379,375;1,60593;1,76543;1,52059;1,72679;0,331813
2017-03-27 20:00:00;;;;;;100644;24,3762;30,3637;367,938;1,60512;1,76509;1,51829;1,72482;0,332578
2017-03-27 20:01:00;;;;;;100646;24,3713;30,3525;374,188;1,60329;1,76445;1,51341;1,72349;0,332719
2017-03-27 20:02:00;;;;;;100644;24,3675;30,2687;375,688;1,60573;1,76517;1,52081;1,7263;0,333444
2017-03-27 20:03:00;;;;;;100643;24,3488;30,3847;368,594;1,60323;1,7643;1,51065;1,72118;0,334345
2017-03-27 20:04:00;;;;;;100644;24,3531;30,3478;373,594;1,59796;1,76346;1,49227;1,71242;0,334838
2017-03-27 20:05:00;;;;;;100644;24,3472;30,2475;371,906;1,5929;1,76205;1,4625;1,69837;0,335566
2017-03-27 20:06:00;;;;;;100643;24,3319;30,3831;374,531;1,58704;1,75887;1,43749;1,68571;0,335828
2017-03-27 20:07:00;;;;;;100639;24,3378;30,3294;369,125;1,59572;1,76304;1,47802;1,70624;0,336188
2017-03-27 20:08:00;;;;;;100640;24,3397;30,3253;373,906;1,59466;1,76274;1,47596;1,70469;0,336025
2017-03-27 20:09:00;;;;;;100641;24,3406;30,2109;377,969;1,5946;1,76291;1,47723;1,70608;0,336706
2017-03-27 20:10:00;;;;;;100643;24,3431;30,2075;371,375;1,6028;1,76461;1,49933;1,71644;0,336931
2017-03-27 20:11:00;;;;;;100639;24,3431;30,2203;363,061;1,59785;1,76342;1,49002;1,71189;0,337159
2017-03-27 20:12:00;;;;;;100640;24,3206;30,2181;370,75;1,59881;1,76298;1,4926;1,71277;0,337456
2017-03-27 20:13:00;;;;;;100640;24,32;30,2734;373,438;1,5982;1,76298;1,49422;1,71384;0,33825
2017-03-27 20:14:00;;;;;;100642;24,3187;30,2119;369,312;1,60603;1,76566;1,52285;1,72676;0,338969
2017-03-27 20:15:00;;;;;;100641;24,3084;30,3375;370,406;1,59867;1,76318;1,49146;1,71163;0,339972
2017-03-27 20:16:00;;;;;;100639;24,3094;30,24;377,688;1,60191;1,76401;1,50448;1,71773;0,341019
2017-03-27 20:17:00;;;;;;100641;24,2772;30,3884;372,656;1,60058;1,7635;1,50066;1,71729;0,341722
2017-03-27 20:18:00;;;;;;100642;24,2881;30,3831;368,545;1,60612;1,76487;1,52184;1,72663;0,342525
2017-03-27 20:19:00;;;;;;100641;24,3;30,2775;371,25;1,61206;1,76918;1,54439;1,73789;0,343294
2017-03-27 20:20:00;;;;;;100641;24,2869;30,24;377,062;1,59414;1,76276;1,4689;1,70155;0,343697
2017-03-27 20:21:00;;;;;;100638;24,2769;30,2525;382,625;1,58307;1,75549;1,41711;1,67683;0,344206
2017-03-27 20:22:00;;;;;;100640;24,265;30,2425;368,375;1,59325;1,76256;1,46644;1,70054;0,344431
2017-03-27 20:23:00;;;;;;100640;24,2612;30,3469;370,5;1,60113;1,76372;1,50335;1,71843;0,345372
2017-03-27 20:24:00;;;;;;100638;24,2594;30,2912;373,125;1,59583;1,76264;1,48063;1,70659;0,345981
2017-03-27 20:25:00;;;;;;100638;24,2438;30,3512;378,656;1,59258;1,76217;1,46063;1,69681;0,346494
2017-03-27 20:26:00;;;;;;100641;24,25;30,3475;377,438;1,59843;1,76337;1,49189;1,71376;0,347363
2017-03-27 20:27:00;;;;;;100641;24,2319;30,3925;374,812;1,59512;1,76284;1,47739;1,70573;0,347913
2017-03-27 20:28:00;;;;;;100639;24,2263;30,43;380,312;1,59324;1,76229;1,46326;1,69954;0,348806
2017-03-27 20:29:00;;;;;;100642;24,2256;30,3869;371,125;1,58929;1,76018;1,44288;1,68976;0,348891
2017-03-27 20:30:00;;;;;;100639;24,2288;30,4144;374,938;1,59215;1,76094;1,46321;1,69834;0,349844
2017-03-27 20:31:00;;;;;;100639;24,2206;30,4125;387,188;1,59101;1,76104;1,44573;1,69043;0,35045
2017-03-27 20:32:00;;;;;;100641;24,2272;30,44;368,25;1,58623;1,75652;1,42838;1,68125;0,351169
2017-03-27 20:33:00;;;;;;100637;24,2344;30,415;371,812;1,58599;1,75331;1,4167;1,67757;0,351931
2017-03-27 20:34:00;;;;;;100640;24,2703;30,4469;365,812;1,59286;1,7624;1,46354;1,69904;0,352844
2017-03-27 20:35:00;;;;;;100641;24,2609;30,3591;369,906;1,60043;1,76352;1,50167;1,71611;0,353688
2017-03-27 20:36:00;;;;;;100635;24,2269;30,4025;374,125;1,60028;1,76364;1,49818;1,71459;0,354869
2017-03-27 20:37:00;;;;;;100641;24,2338;30,4762;370,969;1,59707;1,76306;1,4872;1,71013;0,356406
2017-03-27 20:38:00;;;;;;100642;24,2319;30,4525;373,375;1,59276;1,76198;1,46021;1,69815;0,3578
2017-03-27 20:39:00;;;;;;100641;24,23;30,4563;379,906;1,59404;1,76261;1,46732;1,70043;0,3588
2017-03-27 20:40:00;;;;;;100640;24,2072;30,4413;371,031;1,59337;1,76217;1,46713;1,70037;0,359547
2017-03-27 20:41:00;;;;;;100637;24,1631;30,5153;374,125;1,59109;1,76084;1,45439;1,69508;0,360806
2017-03-27 20:42:00;;;;;;100638;24,155;30,45;374,125;1,59553;1,76288;1,47825;1,70639;0,361525
2017-03-27 20:43:00;;;;;;100633;24,1503;30,4991;377,875;1,59101;1,76123;1,45575;1,69447;0,361541
2017-03-27 20:44:00;;;;;;100635;24,1497;30,4713;371,344;1,59294;1,76229;1,46009;1,69707;0,362444
2017-03-27 20:45:00;;;;;;100635;24,1294;30,5;380,25;1,59458;1,76228;1,47132;1,70206;0,362906
2017-03-27 20:46:00;;;;;;100635;24,1362;30,4803;373,25;1,59686;1,76302;1,48546;1,70987;0,362809
2017-03-27 20:47:00;;;;;;100634;24,1344;30,4613;380,656;1,60015;1,76352;1,49877;1,71505;0,362622
2017-03-27 20:48:00;;;;;;100633;24,1444;30,4966;374,344;1,60208;1,7639;1,50718;1,71959;0,362841
2017-03-27 20:49:00;;;;;;100634;24,1603;30,4397;376,188;1,60306;1,76423;1,51075;1,72097;0,363322
2017-03-27 20:50:00;;;;;;100631;24,1603;30,4422;375,469;1,59681;1,76291;1,48549;1,70902;0,3634
2017-03-27 20:51:00;;;;;;100633;24,1425;30,43;375,688;1,59812;1,76359;1,49059;1,71179;0,363397
2017-03-27 20:52:00;;;;;;100632;24,1331;30,4487;377,156;1,59897;1,76372;1,49543;1,714;0,363603
2017-03-27 20:53:00;;;;;;100631;24,1009;30,4859;368,219;1,60004;1,76348;1,49945;1,71567;0,363119
2017-03-27 20:54:00;;;;;;100632;24,0825;30,4897;376,812;1,60386;1,76454;1,51439;1,72303;0,362278
2017-03-27 20:55:00;;;;;;100632;24,0703;30,5212;375;1,60805;1,76683;1,53095;1,7311;0,363009
2017-03-27 20:56:00;;;;;;100634;24,0822;30,5462;371;1,6069;1,76579;1,52506;1,72837;0,363078
2017-03-27 20:57:00;;;;;;100634;24,0653;30,6225;381,812;1,60842;1,76666;1,53356;1,73311;0,362959
2017-03-27 20:58:00;;;;;;100631;24,0584;30,6012;379,844;1,60723;1,76614;1,52756;1,72947;0,363034
2017-03-27 20:59:00;;;;;;100631;24,0319;30,6325;372,188;1,59774;1,76323;1,48922;1,71191;0,362681
2017-03-27 21:00:00;;;;;;100631;24,0341;30,63;374,25;1,59436;1,76274;1,46965;1,70103;0,362628
2017-03-27 21:01:00;;;;;;100631;24,0547;30,725;374,438;1,60071;1,76369;1,50249;1,71733;0,362125
2017-03-27 21:02:00;;;;;;100629;24,045;30,6581;377,875;1,60588;1,7649;1,52104;1,72678;0,362462
2017-03-27 21:03:00;;;;;;100630;24,04;30,6319;377,25;1,60083;1,76407;1,50289;1,71797;0,362216
2017-03-27 21:04:00;;;;;;100630;24,0128;30,6606;376,25;1,59407;1,76273;1,46707;1,70052;0,361956
2017-03-27 21:05:00;;;;;;100628;24,0231;30,67;373,438;1,59649;1,76303;1,4837;1,70906;0,361869
2017-03-27 21:06:00;;;;;;100629;24,0303;30,6725;385,219;1,59509;1,76285;1,48101;1,70669;0,361772
2017-03-27 21:07:00;;;;;;100629;24,0131;30,6591;380,406;1,59921;1,76316;1,49634;1,71428;0,361391
2017-03-27 21:08:00;;;;;;100627;24,01;30,6694;375,562;1,59812;1,76274;1,49057;1,71177;0,361006
2017-03-27 21:09:00;;;;;;100632;23,9838;30,745;369,156;1,592;1,76191;1,45569;1,69498;0,361225
2017-03-27 21:10:00;;;;;;100631;23,9819;30,73;378,5;1,59417;1,76255;1,46995;1,70125;0,361075
2017-03-27 21:11:00;;;;;;100631;23,9794;30,73;378,938;1,59351;1,76186;1,46136;1,69806;0,361081
2017-03-27 21:12:00;;;;;;100633;23,9722;30,7459;373,375;1,59668;1,76301;1,48018;1,70751;0,360928
2017-03-27 21:13:00;;;;;;100633;23,9684;30,76;386,344;1,59689;1,76273;1,48591;1,70918;0,361006
2017-03-27 21:14:00;;;;;;100634;23,9909;30,7619;377,375;1,59786;1,76316;1,49147;1,71192;0,360966
2017-03-27 21:15:00;;;;;;100635;23,9703;30,73;376,594;1,60027;1,76344;1,49854;1,71489;0,360719
2017-03-27 21:16:00;;;;;;100634;23,9481;30,7562;386,062;1,60485;1,76464;1,51734;1,72449;0,361203
2017-03-27 21:17:00;;;;;;100635;23,9481;30,8413;384,438;1,59993;1,76331;1,49812;1,71461;0,361053
2017-03-27 21:18:00;;;;;;100635;23,9233;30,8538;378,594;1,59805;1,76325;1,49044;1,71197;0,360894
2017-03-27 21:19:00;;;;;;100636;23,92;30,85;381,312;1,59726;1,76303;1,48818;1,71138;0,360816
2017-03-27 21:20:00;;;;;;100638;23,9263;30,89;372,812;1,59594;1,76294;1,48039;1,70619;0,360887
2017-03-27 21:21:00;;;;;;100637;23,9241;30,8716;387,812;1,60006;1,76333;1,49906;1,71591;0,361072
2017-03-27 21:22:00;;;;;;100638;23,9069;30,9638;375,562;1,60979;1,76752;1,53633;1,73372;0,360822
2017-03-27 21:23:00;;;;;;100636;23,92;30,92;376,219;1,61225;1,76916;1,54739;1,739;0,360606
2017-03-27 21:24:00;;;;;;100636;23,8847;30,945;384,469;1,60842;1,76648;1,53255;1,73203;0,360713
2017-03-27 21:25:00;;;;;;100635;23,88;30,9838;382,031;1,61179;1,76873;1,54562;1,73806;0,360787
2017-03-27 21:26:00;;;;;;100634;23,8663;31;384,875;1,60892;1,76723;1,53312;1,73191;0,360478
2017-03-27 21:27:00;;;;;;100634;23,8931;30,9487;381,062;1,609;1,76725;1,53615;1,73387;0,360931
2017-03-27 21:28:00;;;;;;100637;23,9025;30,92;381,125;1,60435;1,76471;1,51747;1,72448;0,361347
2017-03-27 21:29:00;;;;;;100633;23,9022;30,9688;377,531;1,60656;1,76566;1,52259;1,72697;0,361356
2017-03-27 21:30:00;;;;;;100634;23,8878;30,9838;380,562;1,60883;1,76714;1,53503;1,73324;0,361684
2017-03-27 21:31:00;;;;;;100634;23,8578;31,0159;377,25;1,60282;1,76417;1,51177;1,7216;0,361913
2017-03-27 21:32:00;;;;;;100634;23,8359;31,0753;388,625;1,60762;1,7662;1,52748;1,72953;0,362131
2017-03-27 21:33:00;;;;;;100632;23,8409;31,07;375,75;1,60603;1,7655;1,52243;1,72717;0,361753
2017-03-27 21:34:00;;;;;;100630;23,8759;31,0566;386,812;1,60612;1,76595;1,52771;1,72884;0,362262
2017-03-27 21:35:00;;;;;;100632;23,8784;31;383,688;1,59867;1,7631;1,49339;1,7129;0,362241
2017-03-27 21:36:00;;;;;;100629;23,8744;31,0512;385,875;1,60067;1,7636;1,49828;1,71547;0,362394
2017-03-27 21:37:00;;;;;;100628;23,8959;30,9991;380,438;1,60843;1,76664;1,53361;1,73229;0,362525
2017-03-27 21:38:00;;;;;;100627;23,8697;31,0484;379,781;1,61195;1,76936;1,54476;1,73781;0,362584
2017-03-27 21:39:00;;;;;;100629;23,8456;31,0234;380,406;1,60153;1,76383;1,50632;1,71902;0,362456
2017-03-27 21:40:00;;;;;;100627;23,8241;31,0791;386,875;1,60839;1,76633;1,53145;1,73108;0,361944
2017-03-27 21:41:00;;;;;;100627;23,8213;31,08;387,469;1,60757;1,76616;1,52745;1,7295;0,362437
2017-03-27 21:42:00;;;;;;100628;23,8344;31,1163;379,188;1,60572;1,76526;1,52001;1,72539;0,362475
2017-03-27 21:43:00;;;;;;100630;23,8153;31,1191;386,625;1,60448;1,76476;1,5162;1,72346;0,362362
2017-03-27 21:44:00;;;;;;100633;23,7966;31,14;389,656;1,60312;1,76452;1,51189;1,72166;0,362016
2017-03-27 21:45:00;;;;;;100630;23,8012;31,1837;378,781;1,60658;1,76542;1,52517;1,728;0,361775
2017-03-27 21:46:00;;;;;;100632;23,83;31,1444;380,667;1,60167;1,76354;1,50352;1,71893;0,361639
2017-03-27 21:47:00;;;;;;100632;23,8297;31,0888;376,469;1,60461;1,76465;1,51768;1,72415;0,361059
2017-03-27 21:48:00;;;;;;100632;23,8178;31,1625;387,719;1,60503;1,76501;1,51985;1,72599;0,361272
2017-03-27 21:49:00;;;;;;100631;23,8178;31,1475;379,156;1,60465;1,7648;1,51961;1,72532;0,361341
2017-03-27 21:50:00;;;;;;100631;23,7981;31,1525;384,375;1,60929;1,7672;1,53329;1,73193;0,361388
2017-03-27 21:51:00;;;;;;100628;23,7934;31,14;378;1,60426;1,76477;1,51341;1,72289;0,361159
2017-03-27 21:52:00;;;;;;100629;23,7772;31,1612;380,781;1,59652;1,76263;1,48687;1,70908;0,361497
2017-03-27 21:53:00;;;;;;100628;23,7634;31,2019;382,438;1,59828;1,76307;1,49396;1,71411;0,361791
2017-03-27 21:54:00;;;;;;100628;23,7472;31,3325;385,844;1,59428;1,76158;1,47027;1,70297;0,361781
2017-03-27 21:55:00;;;;;;100626;23,7416;31,3363;381,156;1,60302;1,76398;1,51298;1,72193;0,362384
2017-03-27 21:56:00;;;;;;100626;23,78;31,3063;393,812;1,59963;1,76337;1,49594;1,71446;0,362506
2017-03-27 21:57:00;;;;;;100625;23,7934;31,2303;375,125;1,59584;1,76262;1,47824;1,70647;0,363137
2017-03-27 21:58:00;;;;;;100622;23,7562;31,3728;384,188;1,59727;1,763;1,48697;1,71022;0,363291
2017-03-27 21:59:00;;;;;;100624;23,7531;31,4281;379,156;1,60029;1,76327;1,50166;1,71731;0,363859
2017-03-27 22:00:00;;;;;;100625;23,7769;31,35;384,406;1,59573;1,76234;1,47814;1,70518;0,363912
2017-03-27 22:01:00;;;;;;100623;23,7844;31,3984;383,469;1,59672;1,76308;1,48485;1,70958;0,363903
2017-03-27 22:02:00;;;;;;100622;23,7644;31,4325;396,375;1,59591;1,76155;1,47824;1,70584;0,364369
2017-03-27 22:03:00;;;;;;100624;23,7356;31,48;382,969;1,59666;1,76294;1,48629;1,70989;0,364819
2017-03-27 22:04:00;;;;;;100624;23,7016;31,5462;392;1,5969;1,76303;1,4875;1,71062;0,364762
2017-03-27 22:05:00;;;;;;100627;23,6878;31,5838;387,562;1,59626;1,76224;1,47913;1,7065;0,364884
2017-03-27 22:06:00;;;;;;100626;23,6894;31,58;391,531;1,59995;1,76342;1,49843;1,71501;0,365488
2017-03-27 22:07:00;;;;;;100625;23,6772;31,6325;394,781;1,59743;1,76279;1,48497;1,70857;0,36585
2017-03-27 22:08:00;;;;;;100623;23,7144;31,5975;385,344;1,59704;1,76261;1,48612;1,70952;0,365797
2017-03-27 22:09:00;;;;;;100625;23,7066;31,6212;393,094;1,59993;1,76317;1,50131;1,71665;0,366206
2017-03-27 22:10:00;;;;;;100623;23,6766;31,8675;394,875;1,59317;1,7622;1,46503;1,69974;0,366706
2017-03-27 22:11:00;;;;;;100623;23,6713;31,72;389,938;1,59395;1,76259;1,46989;1,70228;0,367144
2017-03-27 22:12:00;;;;;;100621;23,67;31,7438;390,344;1,59395;1,76133;1,46627;1,69906;0,367287
2017-03-27 22:13:00;;;;;;100620;23,67;31,7925;396,625;1,60174;1,76398;1,50673;1,71898;0,368438
2017-03-27 22:14:00;;;;;;100619;23,6706;31,78;394,781;1,59887;1,76293;1,49512;1,71303;0,368766
2017-03-27 22:15:00;;;;;;100619;23,67;31,78;396,594;1,60332;1,7642;1,51161;1,72023;0,369016
2017-03-27 22:16:00;;;;;;100620;23,67;31,8575;396,719;1,59983;1,76307;1,49687;1,71494;0,369403
2017-03-27 22:17:00;;;;;;100617;23,6775;31,7887;388,273;1,59791;1,76307;1,48222;1,70904;0,369744
2017-03-27 22:18:00;;;;;;100617;23,67;31,8675;398,75;1,59383;1,76222;1,46937;1,70374;0,369938
2017-03-27 22:19:00;;;;;;100616;23,6638;31,9094;396,188;1,59217;1,76107;1,46171;1,69812;0,369428
2017-03-27 22:20:00;;;;;;100614;23,6694;31,9394;402,438;1,60285;1,76404;1,50996;1,72076;0,369956
2017-03-27 22:21:00;;;;;;100615;23,67;31,8925;401,219;1,60448;1,76422;1,51841;1,72463;0,369959
2017-03-27 22:22:00;;;;;;100613;23,655;31,9169;395,344;1,59594;1,76277;1,48237;1,7079;0,369844
2017-03-27 22:23:00;;;;;;100612;23,6312;31,9838;389,688;1,60175;1,76363;1,50481;1,718;0,370309
2017-03-27 22:24:00;;;;;;100613;23,615;31,9775;385,562;1,60096;1,76342;1,50333;1,71697;0,370206
2017-03-27 22:25:00;;;;;;100610;23,6244;31,9788;396,406;1,60208;1,76394;1,5086;1,71989;0,370172
2017-03-27 22:26:00;;;;;;100611;23,6353;31,92;400,656;1,59765;1,76318;1,48952;1,71075;0,369681
2017-03-27 22:27:00;;;;;;100613;23,66;31,9112;393,375;1,59915;1,76331;1,49377;1,71261;0,370237
2017-03-27 22:28:00;;;;;;100613;23,6469;31,92;401,5;1,59941;1,76303;1,49729;1,71381;0,370019
2017-03-27 22:29:00;;;;;;100611;23,6306;31,8912;398,062;1,60264;1,76408;1,50902;1,72013;0,369928
2017-03-27 22:30:00;;;;;;100611;23,6369;31,9137;394,562;1,59987;1,76337;1,50067;1,71589;0,369734
2017-03-27 22:31:00;;;;;;100611;23,6584;31,8703;392,719;1,60251;1,76431;1,51059;1,72179;0,369825
2017-03-27 22:32:00;;;;;;100609;23,6562;31,8575;387,812;1,60348;1,76391;1,51223;1,72133;0,369544
2017-03-27 22:33:00;;;;;;100609;23,67;31,825;392,062;1,59656;1,76331;1,48299;1,70823;0,368931
2017-03-27 22:34:00;;;;;;100609;23,6675;31,8262;394,906;1,60108;1,76371;1,50224;1,71718;0,369278
2017-03-27 22:35:00;;;;;;100606;23,6472;31,8538;396,406;1,60485;1,7644;1,51874;1,72424;0,369491
2017-03-27 22:36:00;;;;;;100606;23,6306;31,8872;394,656;1,60741;1,76569;1,52793;1,73016;0,369269
2017-03-27 22:37:00;;;;;;100606;23,6091;31,9075;387,281;1,60862;1,76681;1,53333;1,73247;0,369556
2017-03-27 22:38:00;;;;;;100604;23,6038;31,85;392,281;1,61026;1,76784;1,54003;1,73566;0,369503
2017-03-27 22:39:00;;;;;;100603;23,6578;31,7662;394,438;1,60823;1,76626;1,53221;1,73148;0,369731
2017-03-27 22:40:00;;;;;;100603;23,63;31,8463;398,906;1,60879;1,76668;1,53376;1,73206;0,369787
2017-03-27 22:41:00;;;;;;100603;23,6194;31,92;398,344;1,60865;1,76695;1,53247;1,73228;0,370431
2017-03-27 22:42:00;;;;;;100601;23,6191;31,8728;393,875;1,6099;1,76721;1,538;1,73351;0,370522
2017-03-27 22:43:00;;;;;;100600;23,6006;31,9556;389,562;1,60867;1,76654;1,53281;1,73218;0,370566
2017-03-27 22:44:00;;;;;;100599;23,5753;32,1072;394,75;1,60841;1,76645;1,53257;1,73191;0,370466
2017-03-27 22:45:00;;;;;;100602;23,5409;31,9738;391,406;1,60599;1,76523;1,52142;1,72648;0,370975
2017-03-27 22:46:00;;;;;;100602;23,5872;31,9025;393,25;1,60711;1,7656;1,5263;1,72872;0,371078
2017-03-27 22:47:00;;;;;;100601;23,6;31,8631;397,375;1,60749;1,76561;1,52991;1,73069;0,370769
2017-03-27 22:48:00;;;;;;100602;23,6013;31,9038;391,469;1,60116;1,76368;1,50311;1,71717;0,371253
2017-03-27 22:49:00;;;;;;100600;23,6053;31,9028;393,906;1,59904;1,76312;1,49648;1,71416;0,371234
2017-03-27 22:50:00;;;;;;100601;23,5975;31,9025;387,812;1,60074;1,76359;1,50153;1,71714;0,371287
2017-03-27 22:51:00;;;;;;100600;23,5809;31,8812;395,062;1,60217;1,76385;1,50728;1,71926;0,370678
2017-03-27 22:52:00;;;;;;100601;23,5428;31,9187;392,906;1,60481;1,76431;1,51856;1,72496;0,370547
2017-03-27 22:53:00;;;;;;100599;23,535;31,8862;398,312;1,6012;1,76349;1,50372;1,7179;0,370234
2017-03-27 22:54:00;;;;;;100598;23,5691;31,8778;398,375;1,60718;1,76596;1,52681;1,7291;0,369694
2017-03-27 22:55:00;;;;;;100596;23,5422;31,9312;398,156;1,60359;1,76422;1,51374;1,72184;0,370009
2017-03-27 22:56:00;;;;;;100598;23,5488;31,9375;395,5;1,60537;1,76577;1,52086;1,72559;0,369838
2017-03-27 22:57:00;;;;;;100597;23,5222;31,8987;398,125;1,60491;1,76471;1,52009;1,72463;0,369672
2017-03-27 22:58:00;;;;;;100594;23,5053;31,9525;393,094;1,6108;1,76812;1,54111;1,73552;0,368487
2017-03-27 22:59:00;;;;;;100594;23,5041;31,92;394,656;1,60713;1,76607;1,52673;1,72862;0,368419
2017-03-27 23:00:00;;;;;;100595;23,5053;31,9;392,688;1,60415;1,76496;1,51687;1,72321;0,368012
2017-03-27 23:01:00;;;;;;100594;23,49;31,9025;399,688;1,60551;1,76511;1,51969;1,72523;0,367175
2017-03-27 23:02:00;;;;;;100594;23,4853;31,9053;391,281;1,60056;1,76333;1,49873;1,71485;0,366591
2017-03-27 23:03:00;;;;;;100595;23,4644;31,8753;395,031;1,60166;1,76386;1,50484;1,71895;0,365991
2017-03-27 23:04:00;;;;;;100595;23,4753;31,8547;389,438;1,59788;1,76294;1,48945;1,71084;0,365297
2017-03-27 23:05:00;;;;;;100595;23,4794;31,8787;389,562;1,59576;1,76264;1,47884;1,70583;0,364237
2017-03-27 23:06:00;;;;;;100594;23,4969;31,7366;399,406;1,59404;1,76258;1,4726;1,70295;0,363944
2017-03-27 23:07:00;;;;;;100591;23,5097;31,7509;390,375;1,59678;1,76298;1,48577;1,70934;0,363225
2017-03-27 23:08:00;;;;;;100589;23,5009;31,6888;382,656;1,59688;1,76289;1,48578;1,70955;0,361922
2017-03-27 23:09:00;;;;;;100588;23,4809;31,7003;389,438;1,59353;1,76255;1,46353;1,69885;0,361475
2017-03-27 23:10:00;;;;;;100584;23,4775;31,7219;382,312;1,59845;1,76274;1,48953;1,71058;0,360684
2017-03-27 23:11:00;;;;;;100584;23,4825;31,69;399,594;1,59653;1,76274;1,47875;1,70672;0,360331
2017-03-27 23:12:00;;;;;;100584;23,4913;31,6766;395,062;1,59691;1,76271;1,48283;1,70746;0,359697
2017-03-27 23:13:00;;;;;;100582;23,5;31,7091;394;1,59775;1,76297;1,4895;1,71127;0,359631
2017-03-27 23:14:00;;;;;;100581;23,4741;31,6806;395,344;1,59538;1,76263;1,47586;1,70436;0,358956
2017-03-27 23:15:00;;;;;;100581;23,4603;31,7477;394,6;1,59738;1,763;1,48939;1,71108;0,358337
2017-03-27 23:16:00;;;;;;100578;23,5087;31,645;395,281;1,60175;1,76354;1,5061;1,71838;0,358175
2017-03-27 23:17:00;;;;;;100578;23,5194;31,6181;391,5;1,60603;1,76589;1,52339;1,7271;0,357947
2017-03-27 23:18:00;;;;;;100577;23,4831;31,57;390,969;1,6083;1,76595;1,53022;1,73014;0,357406
2017-03-27 23:19:00;;;;;;100574;23,4523;31,6007;390,3;1,60599;1,76564;1,52179;1,72699;0,356533
2017-03-27 23:20:00;;;;;;100573;23,4391;31,5919;390,714;1,60832;1,7667;1,53452;1,73286;0,356138
2017-03-27 23:21:00;;;;;;100570;23,4403;31,5813;390;1,60514;1,76537;1,51868;1,72452;0,355456
2017-03-27 23:22:00;;;;;;100568;23,45;31,5344;381,719;1,6047;1,76464;1,51816;1,72374;0,354178
2017-03-27 23:23:00;;;;;;100564;23,4567;31,5323;389,433;1,60785;1,76632;1,53054;1,73107;0,353943
2017-03-27 23:24:00;;;;;;100563;23,4555;31,4729;393,857;1,604;1,7644;1,51372;1,72315;0,353318
2017-03-27 23:25:00;;;;;;100564;23,4375;31,5112;393,625;1,60708;1,76568;1,52715;1,7287;0,352766
2017-03-27 23:26:00;;;;;;100564;23,44;31,4875;395,219;1,60339;1,76426;1,51358;1,72226;0,351734
2017-03-27 23:27:00;;;;;;100563;23,4222;31,47;393,706;1,60249;1,76393;1,50971;1,71997;0,351712
2017-03-27 23:28:00;;;;;;100563;23,4381;31,4137;386,656;1,607;1,76555;1,52562;1,72854;0,350931
2017-03-27 23:29:00;;;;;;100560;23,44;31,445;389,75;1,60284;1,76517;1,50902;1,72027;0,350156
2017-03-27 23:30:00;;;;;;100562;23,4447;31,53;387,812;1,61457;1,77041;1,55367;1,74165;0,350122
2017-03-27 23:31:00;;;;;;100562;23,4347;31,6062;390,094;1,6146;1,77084;1,55348;1,7416;0,34975
2017-03-27 23:32:00;;;;;;100560;23,4091;31,4975;389,406;1,61778;1,77304;1,56466;1,74734;0,3492
2017-03-27 23:33:00;;;;;;100558;23,3953;31,3812;397,906;1,61177;1,76863;1,54358;1,73735;0,348031
2017-03-27 23:34:00;;;;;;100557;23,35;31,4375;398,5;1,61193;1,76927;1,54439;1,73756;0,347394
2017-03-27 23:35:00;;;;;;100557;23,3809;31,3387;384,719;1,61298;1,7694;1,55019;1,73984;0,346853
2017-03-27 23:36:00;;;;;;100557;23,4081;31,1925;389,719;1,61614;1,77198;1,56003;1,74516;0,345619
2017-03-27 23:37:00;;;;;;100554;23,39;31,3787;392,938;1,61716;1,77235;1,56171;1,74627;0,344734
2017-03-27 23:38:00;;;;;;100554;23,39;31,275;392,938;1,61421;1,77078;1,55269;1,7412;0,344062
2017-03-27 23:39:00;;;;;;100554;23,3962;31,2987;385,781;1,61163;1,76855;1,54479;1,73774;0,344206
2017-03-27 23:40:00;;;;;;100552;23,4184;31,3475;385,812;1,6181;1,77303;1,56541;1,74748;0,343541
2017-03-27 23:41:00;;;;;;100552;23,3625;31,3675;387,406;1,61514;1,77095;1,55453;1,74194;0,343269
2017-03-27 23:42:00;;;;;;100552;23,3675;31,18;389,156;1,61462;1,77068;1,55502;1,74184;0,342262
2017-03-27 23:43:00;;;;;;100552;23,335;31,2324;390,118;1,61184;1,76843;1,54622;1,73828;0,341512
2017-03-27 23:44:00;;;;;;100554;23,3206;31,4275;388,125;1,61133;1,76846;1,54298;1,73667;0,340928
2017-03-27 23:45:00;;;;;;100551;23,3241;31,4609;382,625;1,60806;1,76622;1,53237;1,73145;0,340612
2017-03-27 23:46:00;;;;;;100554;23,3294;31,5725;388,812;1,61128;1,76829;1,54298;1,73672;0,341066
2017-03-27 23:47:00;;;;;;100551;23,344;31,25;384,7;1,60726;1,76556;1,52674;1,7291;0,340079
2017-03-27 23:48:00;;;;;;100555;23,35;31,394;397,2;1,61015;1,7676;1,53872;1,73524;0,339997
2017-03-27 23:49:00;;;;;;100555;23,3256;31,7744;390,938;1,61187;1,76865;1,5447;1,73752;0,340341
2017-03-27 23:50:00;;;;;;100556;23,3594;31,4337;390,219;1,60748;1,76559;1,52862;1,73016;0,340484
2017-03-27 23:51:00;;;;;;100555;23,3683;31,182;386,233;1,60606;1,76499;1,52297;1,72675;0,34012
2017-03-27 23:52:00;;;;;;100557;23,3667;31,1048;390,448;1,6069;1,76536;1,52812;1,72918;0,339086
2017-03-27 23:53:00;;;;;;100558;23,3747;31,052;387,567;1,60715;1,76559;1,52859;1,73;0,338447
2017-03-27 23:54:00;;;;;;100557;23,4032;31,04;380,867;1,60838;1,76604;1,53322;1,73191;0,337607
2017-03-27 23:55:00;;;;;;100559;23,3683;31,11;393,345;1,60617;1,76517;1,52299;1,72762;0,337448
2017-03-27 23:56:00;;;;;;100560;23,387;31,0493;388,633;1,60623;1,76503;1,52308;1,72657;0,336973
2017-03-27 23:57:00;;;;;;100562;23,376;30,981;389,567;1,60197;1,76368;1,50636;1,71822;0,33661
2017-03-27 23:58:00;;;;;;100561;23,368;30,9733;388,667;1,60452;1,76433;1,51532;1,72309;0,33622
2017-03-27 23:59:00;;;;;;100562;23,3617;30,966;380,167;1,60566;1,76485;1,52176;1,72607;0,335747
